"lat","lon","year"
39.632839,-79.122963,2014
39.17285,-94.78297,2013
40.958412,-83.657692,2013
41.999585,-87.776004,2013
42.0016,-87.778357,2013
41.643706,-88.540884,2013
43.076667,-84.7805,2013
40.963669,-81.331219,2013
40.50932,-80.078997,2013
40.954578,-95.765463,2026
42.757754,-84.395587,2026
32.927905,-97.221706,2026
40.558925,-74.531386,2026
36.571704,-82.23158,2022
41.926305,-88.313411,2026
42.434242,-71.125442,2025
43.639417,-72.221358,2026
44.804895,-93.285088,2026
39.797845,-75.657255,2026
32.748628,-97.27202,2026
46.931133,-91.858328,2026
36.509923,-82.233463,2020
41.420093,-72.702724,2024
39.422117,-82.548233,2026
43.127505,-77.477942,2026
36.510719,-82.112551,2021
33.431183,-97.059547,2026
44.896446,-93.156654,2026
45.39508,-92.655975,2026
42.391,-76.373,2020
32.748458,-97.272109,2026
37.5176,-77.419862,2020
42.885202,-71.971222,2026
38.413247,-78.488634,2022
32.748638,-97.272003,2026
40.441638,-74.719348,2026
37.54516,-77.510237,2021
43.056807,-89.312542,2025
41.609888,-83.212118,2026
42.844888,-72.087216,2026
38.52798,-90.660217,2026
37.517135,-78.321838,2022
44.931364,-93.016822,2026
33.061357,-96.990758,2026
43.081911,-89.498944,2026
41.319528,-75.946075,2026
33.018639,-97.018439,2026
35.011375,-85.36583,2025
33.118386,-97.013384,2026
41.332328,-75.946288,2026
42.019639,-87.871322,2025
41.395228,-72.131192,2025
42.97356,-85.836843,2025
34.776507,-82.354782,2026
47.311228,-88.375437,2025
44.791818,-83.353619,2021
34.052817,-83.860071,2025
47.105372,-88.576303,2024
40.014233,-105.277546,2026
33.135958,-96.844047,2026
33.136228,-96.843708,2026
43.977563,-83.208297,2025
41.320205,-75.958138,2026
46.655092,-89.458225,2025
43.012231,-85.9706,2025
40.128702,-88.215333,2026
42.795703,-83.032455,2021
33.133658,-96.856038,2026
44.283642,-85.862113,2015
43.582069,-73.419653,2026
43.249766,-77.470978,2026
42.283336,-83.718817,2026
45.339017,-84.989747,2025
42.738833,-84.493366,2025
42.821899,-73.883292,2025
44.22932,-84.932183,2026
41.805761,-70.71657,2026
35.79572,-86.90924,2020
45.083739,-87.067487,2023
43.249939,-77.470481,2026
45.38147,-84.925163,2025
46.562917,-90.080913,2024
38.964702,-77.047364,2026
35.78917,-86.913298,2026
45.076081,-93.101133,2025
39.042186,-77.140397,2025
44.884313,-93.262517,2024
35.917202,-93.564322,2026
40.785767,-74.77603,2026
43.633258,-72.503753,2025
45.104247,-93.043981,2025
36.453437,-94.024298,2025
42.616248,-72.359983,2025
34.613053,-94.584882,2025
41.332103,-75.947692,2026
42.776013,-78.731381,2025
45.07634,-93.099271,2024
44.897277,-93.003949,2024
44.797712,-93.38807,2025
42.023172,-73.135772,2025
44.398656,-88.669948,2024
44.919672,-93.120923,2025
44.934738,-92.998297,2025
40.746721,-74.553218,2025
39.950881,-83.806789,2012
40.591455,-74.554965,2025
39.083825,-84.549203,2025
45.101404,-93.040165,2024
44.792783,-92.972633,2023
45.70457,-84.951714,2019
40.74701,-74.55318,2025
42.71459,-77.928448,2025
36.304242,-79.054134,2025
46.69953,-92.214747,2025
44.040061,-92.473228,2025
40.728032,-74.526004,2025
40.746514,-74.552958,2025
42.674049,-72.32713,2025
44.97857,-93.243902,2024
44.92012,-93.11198,2025
44.294678,-94.477705,2025
44.86813,-93.082969,2025
40.472655,-75.22358,2025
32.749058,-97.272562,2025
39.133789,-84.699006,2025
40.753895,-73.946678,2025
40.923997,-77.047675,2025
33.905952,-83.853389,2025
43.039933,-75.985456,2025
40.260452,-74.746506,2025
36.588549,-93.316665,2025
43.046739,-76.121933,2025
42.777284,-76.085768,2025
44.722516,-93.346678,2025
36.02884,-93.344999,2025
45.761054,-87.190906,2025
42.944455,-85.858453,2025
43.902131,-83.326966,2025
41.725564,-73.211394,2024
42.782447,-85.95294,2025
37.342278,-92.913683,2025
39.961945,-75.113122,2025
43.45364,-83.423019,2025
43.031947,-82.56478,2025
42.934794,-85.580839,2025
43.567352,-84.838466,2025
43.62664,-84.710888,2025
43.068048,-89.482756,2025
42.708942,-84.516975,2025
45.224847,-85.173755,2024
41.971111,-86.184396,2025
42.880772,-86.12678,2025
45.35252,-84.810356,2020
43.035697,-77.479858,2025
42.54065,-83.934475,2025
42.823052,-85.807946,2024
36.587175,-93.311356,2025
34.978163,-80.125192,2025
43.149085,-88.091584,2025
40.329304,-86.979111,2025
36.593944,-93.435794,2025
36.660678,-93.295647,2025
40.792757,-89.575009,2025
40.262096,-75.527704,2025
40.003181,-79.237883,2025
40.746834,-74.55319,2025
41.334533,-75.887283,2025
42.434172,-71.125397,2025
33.137663,-96.845073,2025
36.428376,-93.837717,2025
36.199,-80.337303,2025
43.196082,-77.499985,2025
38.515263,-79.575115,2025
40.785195,-74.77748,2025
38.517951,-79.566793,2025
43.851312,-70.275656,2025
33.134228,-96.858387,2025
43.637119,-72.230072,2025
36.655115,-93.295937,2025
38.943488,-92.388889,2025
44.840633,-93.236441,2025
43.249482,-77.471197,2025
43.247546,-77.469019,2025
38.255478,-79.55307,2025
40.753406,-74.289652,2024
42.969966,-77.228094,2025
40.94362,-76.572563,2025
41.404772,-71.765753,2025
41.320213,-75.957053,2025
41.320228,-75.95707,2025
44.058764,-72.531694,2025
33.357455,-97.742628,2025
40.421187,-86.909383,2020
43.063461,-75.351783,2025
33.358087,-97.742042,2025
43.205872,-77.481392,2025
33.357153,-97.74262,2025
40.447677,-86.939093,2020
46.707012,-89.975327,2025
42.922534,-86.216508,2014
42.425025,-76.458169,2025
43.855567,-70.218842,2025
43.122498,-77.579477,2025
44.88529,-93.183807,2025
44.684105,-92.854753,2025
43.033619,-76.132516,2024
38.556478,-90.605036,2025
42.083366,-87.861452,2025
44.885364,-93.183878,2025
43.249588,-77.470058,2025
44.968917,-72.301722,2001
42.787861,-72.770502,2023
43.69,-73.22,2024
42.021861,-80.248222,2025
43.245837,-77.470907,2025
35.752298,-94.15237,2025
43.249234,-77.469584,2025
36.063508,-86.808613,2020
40.590184,-74.554995,2025
41.430673,-72.890481,2014
41.430673,-72.890481,2014
41.430673,-72.890481,2014
41.430673,-72.890481,2014
32.787368,-97.098502,2025
41.826501,-87.931221,2025
44.156097,-72.473463,2025
37.05677,-80.62054,2025
31.912252,-97.227228,2025
44.57565,-87.893953,2025
40.472558,-74.744827,2021
40.139725,-75.270028,2020
46.838593,-91.999557,2025
32.613966,-96.966366,2025
40.178712,-75.206093,2020
44.07389,-71.234287,2025
40.178703,-75.205882,2020
40.224632,-74.73427,2025
40.122242,-75.289628,2020
40.155931,-75.707353,2021
40.154389,-75.687438,2021
39.640597,-104.7593,2025
38.988425,-95.303588,2023
45.74475,-87.044442,2025
45.116826,-87.752708,2025
45.537025,-123.116853,2025
43.990077,-70.885536,2025
41.51789,-75.726406,2025
42.978658,-72.019817,2025
33.260583,-97.063514,2025
44.556253,-69.655875,2025
46.695499,-92.005677,2025
43.639575,-86.541337,2025
44.865326,-73.298982,2025
35.878532,-86.407081,2024
40.081505,-82.820542,2025
42.465513,-87.808944,2025
39.129851,-77.021834,2020
44.796085,-92.950027,2024
36.137872,-86.801244,2024
44.148492,-87.563438,2025
44.287244,-93.212757,2025
42.510034,-87.924586,2025
44.866284,-73.299681,2025
36.255608,-80.47959,2025
44.142625,-87.569718,2025
43.319461,-85.621643,2025
44.531936,-89.588901,2025
36.060245,-86.906425,2025
44.791626,-89.68277,2025
45.206848,-93.439758,2025
44.142333,-87.568318,2025
46.686171,-92.031376,2025
44.496742,-73.157722,2025
42.24127,-73.344582,2025
42.314228,-71.048325,2025
44.778103,-73.182388,2025
41.852883,-72.75917,2025
41.961957,-70.640483,2025
44.791389,-89.682426,2025
37.198826,-86.115596,2025
43.984686,-91.302607,2025
45.156906,-93.443048,2025
45.350752,-93.301531,2025
44.874962,-73.356796,2025
38.262653,-79.555825,2025
44.415205,-90.72742,2025
42.147053,-70.843407,2025
44.256607,-88.560243,2025
33.063217,-96.979569,2025
45.84363,-91.480897,2025
44.090958,-87.41201,2025
40.984783,-76.94062,2025
45.647481,-84.420713,2025
43.652343,-70.277132,2025
45.019419,-93.636598,2025
39.193055,-83.203505,2025
38.516314,-79.581089,2025
44.824345,-93.393005,2025
44.905758,-73.166314,2025
44.822737,-73.236467,2025
45.188542,-93.458717,2025
44.789898,-89.682167,2025
41.538589,-83.826153,2025
45.079739,-93.462727,2025
35.736695,-86.72152,2025
39.958,-75.600645,2018
44.950278,-93.327195,2025
43.086977,-88.248417,2025
33.801525,-84.307747,2025
40.168976,-82.95898,2025
41.538581,-83.826143,2025
43.084888,-89.430996,2025
42.634241,-85.287015,2025
44.844851,-93.546696,2025
44.990391,-93.512667,2025
42.963647,-72.600669,2025
32.756363,-97.680441,2025
45.496589,-87.457996,2024
40.0667,-75.715195,2025
36.0911,-80.182267,2025
44.826099,-91.543045,2025
41.829906,-88.007169,2025
41.272609,-73.912796,2025
38.862191,-77.430088,2025
47.440255,-87.87448,2025
34.946737,-85.735428,2025
43.090404,-89.432233,2025
41.658007,-88.442238,2025
43.084733,-89.426477,2025
42.323891,-71.591904,2025
42.099401,-70.823955,2025
40.196389,-75.405411,2025
44.547969,-92.809094,2025
43.215923,-88.031417,2025
39.150233,-84.533353,2025
46.302637,-88.806343,2025
37.975284,-85.851962,2025
36.335943,-81.416933,2025
40.5989,-73.995842,2025
42.435551,-78.858715,2025
37.554064,-84.240053,2025
40.193988,-105.105294,2025
39.078229,-76.769492,2025
42.673632,-72.325851,2025
41.724297,-72.221938,2025
38.419022,-90.649711,2025
42.377976,-73.227365,2024
36.003478,-82.246033,2025
33.1359,-96.844183,2025
41.55008,-72.69477,2024
38.578217,-90.463753,2025
38.589563,-90.717478,2025
41.20423,-81.544822,2025
39.607248,-84.06532,2025
44.315578,-72.41002,2025
40.324886,-78.822206,2025
33.133694,-96.836272,2025
36.864917,-76.193687,2025
38.275616,-84.93601,2025
39.07808,-76.77151,2025
37.757677,-84.79096,2025
37.820503,-83.580222,2025
33.133694,-96.836272,2025
33.135842,-96.844073,2025
40.440857,-75.269151,2025
40.435261,-75.264455,2025
40.346701,-83.110753,2025
42.039833,-72.235322,2024
35.772877,-79.143841,2025
42.082092,-75.973858,2025
44.534653,-89.566308,2024
33.260753,-97.06253,2025
40.98657,-76.93663,2025
32.845638,-97.474487,2025
44.860144,-93.214622,2025
33.260855,-97.061958,2025
32.774995,-97.241063,2025
40.318301,-74.360931,2025
43.022652,-88.191183,2025
39.319637,-94.958708,2025
31.795161,-97.577667,2025
41.259708,-73.587578,2022
35.772788,-79.143883,2025
33.017624,-97.196058,2025
31.708189,-97.589269,2025
42.024239,-80.245522,2025
38.47543,-90.805308,2024
32.755591,-97.680532,2025
42.01992,-80.248512,2025
45.149724,-93.443561,2024
37.551064,-77.519753,2025
44.275671,-88.297021,2022
42.207653,-89.205833,2025
44.885337,-93.260988,2025
32.771595,-97.242554,2025
42.058186,-80.180528,2025
32.994792,-97.620575,2025
45.139522,-93.275122,2025
32.263375,-93.942055,2025
33.061482,-96.975018,2025
32.667578,-96.872113,2025
35.039652,-85.335829,2025
32.8825,-97.277978,2025
31.509213,-97.229522,2025
44.860144,-93.214622,2025
40.144692,-75.348822,2025
44.816392,-73.083167,2025
39.918162,-75.360459,2025
34.887832,-86.612199,2025
31.440555,-97.210533,2025
36.011208,-87.379103,2025
35.732987,-81.218375,2025
42.014836,-80.396897,2025
34.845725,-86.647097,2025
46.466295,-87.116905,2025
40.081775,-76.887795,2025
33.136147,-97.151458,2025
42.058189,-80.180533,2025
40.182908,-82.652293,2025
32.919742,-96.593358,2025
32.609388,-97.501298,2025
41.018245,-94.626617,2023
40.458447,-78.552475,2025
32.803098,-97.461721,2025
32.803647,-97.461425,2025
32.803721,-97.461528,2025
42.19414,-89.168611,2022
33.136139,-97.151389,2025
39.77697,-75.142471,2021
39.776987,-75.142509,2021
40.722561,-74.523164,2025
44.46143,-93.148278,2025
44.282008,-93.265489,2025
44.313596,-88.453916,2022
44.467372,-93.150825,2025
33.035683,-97.196603,2025
41.636468,-88.415794,2025
40.968779,-81.134352,2025
42.081475,-75.972458,2025
42.085486,-75.967742,2025
33.042656,-97.202553,2025
41.001706,-74.886192,2025
33.135803,-96.843919,2025
43.053687,-72.665181,2025
40.438345,-74.260676,2025
45.515747,-123.094222,2025
39.909958,-75.379495,2025
41.998165,-93.886292,2025
33.135854,-96.843909,2025
43.45305,-72.007789,2025
38.741142,-78.169608,2025
39.61774,-84.118797,2025
41.358494,-72.716191,2025
40.198292,-75.393622,2025
40.663362,-74.647765,2025
44.534115,-89.56835,2025
40.428918,-74.679701,2025
35.091814,-84.031598,2025
37.645897,-76.693992,2025
35.1094,-85.248,2020
43.402709,-89.221111,2025
32.827956,-97.463111,2025
40.851649,-81.562346,2025
41.785697,-87.580003,2017
40.071372,-82.52447,2013
32.827933,-97.463317,2025
45.002342,-93.131897,2025
38.525578,-90.581913,2025
38.539315,-90.554277,2025
39.504059,-76.619467,2018
42.390556,-72.523333,2025
40.273684,-75.519875,2025
39.175337,-77.22342,2025
45.099208,-93.043589,2025
40.550422,-75.397199,2025
42.751137,-71.439327,2025
44.102997,-90.05935,2025
43.019441,-78.774282,2023
42.750083,-77.713088,2022
44.185051,-88.673422,2021
32.746744,-97.273511,2025
38.633422,-90.301933,2025
43.317958,-88.150028,2025
41.276726,-74.362401,2021
42.721813,-72.473213,2024
41.826405,-73.636155,2023
43.236739,-77.492905,2025
44.980501,-93.15475,2021
38.986717,-77.228798,2018
43.339727,-89.903868,2023
38.934314,-94.693006,2025
46.80825,-93.952689,2025
34.824497,-92.29159,2025
44.091409,-87.845011,2025
43.671534,-93.37815,2025
44.272651,-88.347497,2022
37.550942,-77.519547,2025
39.866597,-75.597734,2025
36.448493,-94.011734,2025
43.696563,-71.82338,2025
43.49422,-70.515625,2024
42.661597,-83.085403,2023
37.102543,-93.233067,2024
43.152539,-93.161258,2024
44.690198,-87.36395,2025
44.600701,-87.803942,2024
38.449769,-90.651458,2024
46.707783,-88.96641,2024
43.360755,-87.949913,2019
42.394538,-71.085014,2024
43.3624,-89.206095,2021
36.600819,-93.295967,2024
38.694644,-77.053353,2024
34.925533,-85.271737,2024
45.018731,-93.393812,2024
40.424954,-74.242235,2022
45.032262,-93.529391,2024
44.050367,-92.040825,2024
38.036126,-78.171415,2024
42.097144,-70.795931,2024
40.124522,-88.219847,2024
43.019089,-70.953493,2024
41.760635,-88.133406,2024
41.552253,-87.815422,2025
42.576062,-83.379662,2024
45.141168,-93.430667,2024
42.914522,-73.513726,2022
44.252,-73.407,2024
42.461,-76.483,2022
41.5076,-73.7216,2022
44.252,-73.407,2024
42.5725,-75.7486,2020
42.6566,-83.754,2006
42.9,-77.7333,2022
42.51063,-76.19437,2020
42.461,-76.483,2022
35.126317,-85.215679,2024
44.488961,-89.570095,2024
45.009861,-91.721558,2024
43.165003,-78.813304,2024
35.126317,-85.215679,2024
38.328281,-78.573875,2024
40.80123,-74.67315,2024
38.633683,-90.302558,2024
45.010678,-91.729653,2024
43.277225,-89.888291,2023
44.493474,-89.591339,2024
39.205734,-76.709572,2017
34.925533,-85.271737,2024
41.483312,-85.345995,2012
34.984614,-93.309684,2024
39.501703,-85.670922,2024
43.598937,-72.42312,2024
43.061083,-89.47526,2024
43.598944,-72.422958,2024
39.641238,-84.17523,2024
43.598942,-72.422967,2024
46.810412,-92.061173,2021
41.999947,-87.785743,2024
42.00309,-74.028715,2024
40.671018,-74.393419,2023
41.214386,-73.826886,2024
41.793754,-73.975117,2024
46.35582,-89.125057,2024
39.130262,-77.529947,2024
41.790162,-72.242209,2024
37.148068,-93.236792,2024
40.215964,-75.390254,2024
39.121822,-77.587031,2024
45.133889,-93.305664,2024
42.545516,-72.759694,2024
44.914422,-93.128014,2024
44.211677,-89.857856,2024
33.58306,-84.072519,2018
46.6843,-91.971419,2024
39.902802,-75.022898,2024
42.436365,-72.522124,2024
45.032708,-93.284338,2024
45.032711,-93.284339,2024
32.850137,-97.49257,2024
45.013636,-72.964533,2024
42.436587,-72.52228,2024
44.162282,-88.512849,2024
38.974172,-77.87875,2024
43.10148,-87.908467,2024
42.849005,-78.854483,2024
43.214375,-77.926161,2024
32.428858,-97.99459,2024
39.036533,-84.375721,2021
44.986501,-93.182038,2024
45.024096,-92.924719,2024
38.971703,-77.878403,2024
35.788105,-92.583953,2024
45.189327,-93.457899,2024
44.899236,-93.161819,2024
37.384008,-88.667145,2024
42.189304,-83.218462,2024
40.348137,-79.553362,2023
47.157982,-88.531449,2024
44.913123,-93.208224,2024
41.069554,-73.787006,2024
43.946308,-71.708458,2024
40.736195,-73.766364,2021
40.954053,-76.578117,2024
38.929512,-76.93878,2017
44.753905,-92.972482,2023
40.745128,-73.737695,2021
40.745274,-73.737047,2021
39.996635,-105.280712,2024
42.404088,-71.091892,2022
41.441563,-73.929178,2018
42.966637,-85.675317,2024
40.716212,-73.713063,2024
41.801885,-73.973691,2023
41.938993,-74.02419,2021
41.793533,-74.180389,2021
40.747392,-73.7379,2022
41.847911,-74.079907,2022
41.600111,-74.240028,2022
44.201251,-87.510388,2024
35.820006,-81.188009,2021
40.744681,-73.735832,2021
40.497694,-74.248764,2022
40.745054,-73.735813,2022
40.748588,-73.740365,2021
40.717378,-74.015489,2021
40.746082,-73.738296,2021
40.635406,-73.766662,2022
38.941372,-76.941497,2016
41.763795,-73.941917,2021
39.477665,-77.274696,2019
40.647698,-73.717953,2024
38.924417,-76.937813,2021
45.23629,-86.986077,2024
33.150692,-97.045867,2023
38.945692,-84.470858,2023
37.184437,-86.10045,2024
40.989633,-74.460496,2023
39.630622,-78.389303,2023
46.464723,-90.143622,2024
41.73462,-72.217712,2023
44.794641,-73.172762,2024
36.021368,-79.08391,2024
42.269152,-72.197802,2024
33.40577,-96.9488,2024
44.924217,-87.192642,2024
38.82336,-77.303658,2024
43.399933,-76.072647,2024
42.449037,-76.472947,2024
43.126319,-86.275479,2024
41.410188,-79.114373,2024
43.046601,-71.250196,2024
36.765971,-78.928344,2024
41.247483,-75.877973,2024
39.268175,-76.823191,2018
32.756308,-97.680401,2024
45.216957,-93.277473,2024
40.588451,-74.139167,2024
36.094983,-81.829961,2024
36.079648,-86.953563,2024
45.001488,-92.882323,2024
44.236669,-88.306837,2024
44.830123,-93.241697,2024
44.638008,-87.798967,2024
43.340569,-77.771286,2024
44.827745,-92.943822,2024
45.08981,-93.267743,2024
43.865019,-94.815178,2024
46.838916,-92.076211,2024
42.141014,-74.149743,2024
38.977855,-77.041411,2022
42.780072,-76.028858,2024
44.154479,-88.54081,2024
42.673494,-71.197944,2024
41.385742,-79.094168,2024
43.476493,-70.384618,2024
41.783753,-76.790695,2024
43.547542,-71.367438,2023
43.50383,-71.393897,2023
40.991787,-72.350105,2024
40.306575,-79.736536,2024
44.235897,-72.500301,2024
42.076669,-91.794861,2024
42.265892,-87.91742,2024
38.347119,-75.121997,2024
45.157422,-87.228378,2024
42.076669,-91.794861,2024
43.870468,-94.824384,2024
43.514571,-72.627401,2024
45.015349,-93.096528,2024
45.157422,-87.228378,2024
43.230012,-70.687478,2024
42.717626,-73.185173,2024
44.698971,-75.463044,2024
41.645607,-93.46186,2024
44.797517,-93.255555,2024
44.40139,-87.818583,2024
42.448053,-71.086164,2024
44.986617,-93.54207,2024
44.618645,-92.433827,2024
42.979563,-72.018739,2024
44.488989,-89.570048,2024
41.450088,-82.112563,2024
45.524025,-123.129198,2024
40.144689,-75.348878,2024
36.075753,-81.884012,2024
42.001633,-70.846478,2024
43.273605,-76.974633,2024
38.348122,-75.122169,2024
44.873606,-93.189989,2024
36.129868,-81.69371,2024
40.588451,-74.139167,2024
34.951258,-81.88785,2024
42.583611,-84.599985,2024
43.71277,-72.309387,2024
45.038602,-93.282151,2024
44.972423,-92.764911,2024
43.218591,-89.86977,2023
42.448056,-71.086428,2024
38.927172,-92.318282,2024
42.341189,-82.971402,2024
43.739703,-70.742942,2024
34.950958,-81.887697,2024
43.282934,-76.922239,2024
44.05726,-92.0516,2024
43.028227,-90.09505,2024
43.070289,-73.339333,2024
43.160968,-93.205855,2024
44.975933,-93.244806,2024
44.912858,-92.7996,2024
42.712564,-88.298593,2024
44.806417,-92.937246,2024
41.141701,-81.326719,2024
41.4598,-73.258095,2024
35.620094,-85.868103,2024
40.24606,-95.530708,2024
35.268936,-85.171246,2024
44.855591,-92.775078,2024
38.950405,-92.341622,2024
40.596572,-73.8228,2024
44.855591,-92.775078,2024
39.409317,-83.954014,2024
39.416219,-92.459592,2024
40.707979,-99.089582,2024
39.816741,-83.921933,2024
38.919266,-92.223514,2024
43.72075,-92.303253,2024
39.905565,-83.210742,2024
36.062201,-86.809294,2024
39.065114,-77.459253,2024
37.139386,-93.32238,2024
41.709988,-87.882492,2024
39.826837,-88.153389,2024
37.105874,-91.233396,2024
39.489404,-82.469135,2024
44.807798,-93.301045,2024
31.637926,-97.290489,2024
37.139133,-93.321997,2024
31.637926,-97.290489,2024
39.4072,-107.2179,2023
39.4072,-107.2179,2023
39.985367,-75.26317,2024
43.622009,-72.357389,2024
41.792183,-91.573593,2024
38.822503,-90.660942,2024
31.637934,-97.29052,2024
40.952104,-74.405941,2024
42.062759,-80.170005,2024
42.27998,-85.130267,2024
38.94648,-77.00505,2024
42.775981,-85.357625,2024
31.63793,-97.290497,2024
42.931987,-85.579952,2024
31.63797,-97.290512,2024
39.619264,-95.526632,2024
39.667994,-95.512474,2024
37.139064,-93.321983,2024
38.488741,-89.879428,2024
40.056586,-82.547871,2024
31.853166,-97.3922,2024
32.84624,-97.474089,2024
31.637852,-97.290626,2024
31.637934,-97.29052,2024
36.554239,-92.306786,2024
39.66812,-75.742101,2023
39.66812,-75.742101,2023
39.668572,-75.742051,2023
39.668572,-75.742051,2023
39.668572,-75.742051,2023
39.66812,-75.742101,2023
35.957139,-86.670063,2024
37.120542,-93.341862,2024
40.1216,-88.198989,2024
38.737291,-90.593013,2024
36.370787,-86.68028,2024
40.327392,-74.672169,2022
32.790009,-97.488541,2024
36.035716,-79.044444,2024
40.576099,-90.054463,2022
42.562289,-72.734645,2024
37.139092,-93.321975,2024
35.592563,-82.293715,2024
39.719063,-75.728512,2020
31.637938,-97.290588,2024
33.380481,-96.999636,2024
41.524858,-87.102375,2023
42.69528,-72.362899,2024
36.075006,-86.509122,2024
37.78013,-76.596441,2024
35.922769,-86.244342,2024
36.073973,-86.5211,2024
32.99345,-97.579917,2024
42.670594,-72.326787,2024
38.772949,-95.356645,2024
31.637928,-97.290489,2024
31.607392,-97.301624,2024
40.98463,-81.301087,2024
31.592633,-97.202147,2024
31.637926,-97.290489,2024
33.308278,-97.040505,2024
39.623824,-84.120095,2024
31.637962,-97.290604,2024
37.55073,-77.52105,2024
31.63793,-97.290489,2024
43.649895,-71.87825,2024
38.501144,-90.922399,2024
31.63793,-97.290593,2024
44.96371,-93.145058,2022
31.637928,-97.290489,2024
44.963738,-93.145134,2022
44.963704,-93.145213,2017
31.601636,-97.299134,2024
32.850067,-97.489083,2024
31.637926,-97.290489,2024
31.63792,-97.290489,2024
31.607392,-97.301624,2024
44.963765,-93.145076,2022
31.590953,-97.201012,2024
31.637926,-97.290489,2024
32.637939,-96.960764,2024
31.637926,-97.290489,2024
31.637926,-97.290489,2024
44.963699,-93.14507,2023
31.637926,-97.290489,2024
32.786799,-97.199838,2024
41.986558,-87.688386,2024
31.592712,-97.20237,2024
39.592038,-85.147936,2024
36.101661,-86.543358,2024
31.637926,-97.290489,2024
44.963716,-93.145059,2023
31.637926,-97.290489,2024
35.011628,-85.366142,2024
33.136097,-97.151383,2024
32.849297,-97.490533,2024
35.005473,-78.856838,2024
45.215657,-93.27846,2024
40.979563,-81.302658,2024
33.136575,-97.151694,2024
33.064986,-96.975179,2024
38.861053,-78.311483,2024
42.975489,-85.830683,2024
31.63793,-97.290504,2024
40.617875,-74.487166,2024
32.850572,-97.28134,2024
35.011586,-85.366342,2024
40.074712,-75.38508,2024
31.601592,-97.299125,2024
45.099978,-93.040422,2024
32.786701,-97.199868,2024
33.111297,-97.064239,2024
45.099981,-93.040397,2024
45.203055,-93.210097,2024
40.772179,-73.806045,2024
40.143081,-75.349006,2024
44.382302,-88.609189,2024
45.257956,-93.412559,2024
35.707632,-85.744514,2024
31.942514,-97.149567,2024
41.430673,-72.890481,2015
41.433153,-72.885102,2016
40.255201,-75.039034,2022
39.628021,-86.936775,2024
31.590847,-97.203483,2024
40.799448,-74.783749,2024
33.136172,-97.151055,2024
40.253665,-75.037528,2022
42.365698,-87.850717,2014
40.256015,-75.039015,2022
42.6,-83.94,2008
33.26402,-97.059197,2024
44.796034,-93.232456,2024
33.263592,-97.062775,2024
43.071916,-72.654381,2024
35.818175,-83.885825,2024
38.88208,-91.733623,2024
37.514397,-88.679313,2024
40.226286,-75.35719,2024
33.2641,-97.059258,2024
41.222031,-81.515358,2023
33.136172,-97.151008,2024
42.591109,-83.001482,2024
42.99027,-91.086136,2024
42.530393,-76.608384,2024
43.526195,-71.403725,2024
33.267947,-97.055214,2024
33.262833,-97.053139,2024
44.209064,-88.420554,2021
40.241683,-75.454497,2024
42.409647,-76.557281,2024
35.768361,-78.814703,2024
39.596679,-79.167375,2024
41.123941,-82.214914,2024
39.11467,-77.508405,2024
40.749492,-74.84709,2024
33.261852,-97.053177,2024
40.983312,-81.309867,2024
47.114925,-88.564072,2024
43.521605,-71.350058,2024
40.293045,-75.183491,2024
43.071916,-72.654381,2024
42.291987,-73.379162,2024
33.261845,-97.053322,2024
40.300158,-75.336846,2024
40.470519,-74.543497,2022
40.528358,-74.441753,2022
39.086967,-77.472007,2024
40.98033,-81.304383,2024
40.985662,-81.309538,2024
44.82355,-93.251581,2024
43.090203,-89.428936,2024
39.695963,-78.665534,2024
40.680627,-74.601568,2024
40.913192,-74.435603,2021
39.101008,-84.664545,2014
42.46893,-71.005897,2024
41.563703,-73.872063,2024
40.593535,-74.5458,2024
33.069993,-96.953433,2024
47.110761,-88.561792,2024
44.808011,-93.301476,2024
41.002034,-74.747738,2024
39.656955,-76.770508,2024
40.320949,-75.120795,2024
47.119306,-88.562788,2024
35.901242,-78.535063,2024
43.026306,-89.423333,2024
39.215969,-76.907335,2024
34.709928,-85.377905,2024
40.128348,-88.213217,2024
43.382976,-89.973302,2024
40.42098,-74.483424,2024
33.586906,-84.083542,2024
45.074371,-93.467992,2024
41.834753,-87.861726,2024
36.062231,-78.962547,2024
37.796536,-79.398818,2024
45.774452,-84.778511,2023
42.469288,-71.006225,2024
40.357087,-75.965862,2024
33.261991,-97.053765,2024
39.161168,-77.09126,2021
39.1612,-77.0913,2021
41.002,-74.618,2022
36.950367,-84.770897,2024
40.678301,-74.426011,2024
40.008575,-87.575553,2024
43.059368,-85.589575,2024
38.805802,-92.168206,2024
40.582427,-74.554341,2024
42.101853,-80.05223,2024
44.493533,-73.129484,2024
32.782458,-97.116294,2024
40.127558,-88.213459,2020
34.929065,-82.126444,2024
44.800381,-93.427772,2024
36.950181,-84.770697,2024
40.275311,-80.138824,2024
33.069814,-96.95353,2024
40.441658,-74.731778,2024
39.674063,-76.7583,2024
46.752667,-88.846663,2023
42.487368,-79.357445,2023
40.03967,-75.268473,2023
42.299137,-71.31845,2024
44.230195,-88.359175,2023
44.792338,-93.329313,2024
35.499723,-80.837102,2024
39.75132,-75.547807,2022
39.665551,-75.751414,2022
44.464128,-93.19313,2024
38.987649,-76.922087,2024
43.407275,-89.736542,2024
40.043847,-82.966406,2024
41.91103,-91.510492,2024
33.06122,-96.990716,2024
35.133424,-81.386586,2024
45.510556,-123.090083,2024
44.786459,-85.566635,2024
42.766195,-90.407342,2024
36.071382,-78.856082,2024
34.956052,-81.899536,2024
43.695754,-87.718891,2021
43.077861,-86.193803,2021
44.819238,-93.370612,2024
43.389526,-83.893948,2019
42.729698,-83.222992,2022
43.269158,-84.187095,2020
42.856952,-85.582888,2020
41.964797,-86.3686,2023
43.695709,-87.718937,2021
41.832779,-86.62503,2021
42.806617,-83.518738,2020
45.120136,-92.843887,2024
42.929626,-88.036133,2021
43.36627,-89.91378,2024
42.68161,-83.112771,2023
43.455088,-72.006906,2024
42.4976,-86.174958,2024
43.18436,-76.400418,2024
43.096325,-87.90142,2024
38.926535,-92.310833,2024
42.121528,-88.241665,2024
33.222047,-97.139,2024
41.605708,-81.211342,2024
36.088472,-86.525542,2023
36.086995,-86.531178,2023
45.40141,-93.17311,2024
40.742699,-73.73871,2024
37.004817,-84.284631,2024
36.091525,-86.525012,2023
36.085935,-86.527292,2023
36.09108,-86.529605,2023
36.083288,-86.525367,2023
40.151592,-75.353172,2024
44.890975,-93.172645,2023
37.101581,-84.692061,2024
44.771655,-92.924737,2023
46.468136,-87.111478,2024
37.421505,-84.212294,2024
39.508555,-84.033425,2024
40.609878,-74.538106,2024
43.020915,-77.584045,2024
39.321778,-84.270753,2023
41.582,-87.038461,2021
40.33123,-75.186869,2024
43.276094,-71.404425,2023
45.16703,-93.069241,2024
40.306367,-75.20651,2024
41.816666,-72.646383,2024
39.358592,-84.241378,2023
40.339203,-75.166069,2023
39.536513,-79.344821,2024
40.710366,-74.543203,2024
40.339192,-75.166048,2023
39.688381,-79.039736,2024
35.077105,-85.277033,2024
40.339188,-75.166035,2023
40.699723,-74.206141,2024
37.095375,-84.687578,2024
34.565205,-85.0327,2024
40.339188,-75.166027,2023
42.9637,-76.25888,2024
40.190866,-75.274186,2023
39.647516,-77.461456,2023
39.652289,-77.45945,2023
43.123547,-77.480297,2023
41.453347,-81.307205,2023
35.027095,-85.361237,2024
39.06425,-77.102128,2023
43.046152,-91.16485,2023
40.193398,-75.271051,2023
41.511197,-81.358978,2024
41.537322,-93.269436,2023
39.652289,-77.45945,2023
40.369506,-74.615062,2024
36.068003,-78.867253,2024
32.848092,-97.485297,2024
37.113613,-84.693624,2023
41.665054,-86.182993,2023
39.065464,-77.09938,2023
37.914921,-78.877703,2023
42.434469,-71.124489,2023
44.843001,-93.370646,2023
38.99728,-84.084678,2023
40.208448,-75.389105,2023
39.247848,-76.757414,2017
43.231059,-89.744391,2022
45.012886,-92.994446,2023
42.434469,-71.124489,2023
36.868142,-85.127783,2023
35.500805,-80.715697,2023
40.115108,-75.073897,2023
40.391166,-75.2973,2023
42.447611,-71.098858,2023
38.877152,-92.30032,2023
35.962897,-78.995987,2023
38.991562,-77.368295,2023
45.173316,-93.103144,2023
35.920872,-84.119942,2023
42.447611,-71.098858,2023
40.59301,-74.544261,2023
38.974565,-77.369821,2021
39.502822,-85.670081,2023
40.596274,-74.573449,2023
38.398462,-90.691887,2023
44.834491,-92.770273,2023
46.761729,-92.141744,2023
43.049011,-89.318978,2023
40.691944,-74.430508,2023
36.123841,-82.439948,2023
41.35277,-72.017784,2023
43.415987,-89.640053,2023
45.138188,-93.310129,2023
44.791902,-92.968705,2023
43.126372,-78.327078,2021
42.026989,-84.469394,2014
42.026989,-84.469394,2014
42.026989,-84.469394,2014
42.026989,-84.469394,2014
42.026989,-84.469394,2014
42.026989,-84.469394,2014
42.026989,-84.469394,2014
42.026989,-84.469394,2014
42.026989,-84.469394,2014
42.026989,-84.469394,2014
42.026989,-84.469394,2014
42.026989,-84.469394,2014
42.026989,-84.469394,2014
42.026989,-84.469394,2014
42.026989,-84.469394,2014
42.026989,-84.469394,2014
42.026989,-84.469394,2014
42.026989,-84.469394,2014
42.026989,-84.469394,2014
42.026989,-84.469394,2014
42.026989,-84.469394,2014
42.026989,-84.469394,2014
42.026989,-84.469394,2014
42.026989,-84.469394,2014
42.026989,-84.469394,2014
42.026989,-84.469394,2014
42.026989,-84.469394,2014
42.026989,-84.469394,2014
42.026989,-84.469394,2014
42.026989,-84.469394,2014
42.026989,-84.469394,2014
42.026989,-84.469394,2014
42.026989,-84.469394,2014
43.231085,-89.659959,2023
41.167298,-75.655721,2023
43.29194,-89.831137,2023
39.087543,-77.336696,2023
42.453574,-71.085707,2023
33.299033,-97.039755,2023
44.986026,-92.896631,2023
40.016236,-78.430488,2023
42.715112,-70.775397,2023
44.311604,-88.449619,2023
39.872945,-79.503833,2023
45.07666,-93.463943,2023
40.257084,-95.557735,2023
43.390867,-89.728455,2023
40.887572,-94.75058,2023
39.718349,-80.115867,2023
43.236872,-77.493751,2023
43.236705,-77.492926,2023
45.001312,-93.133682,2023
33.257438,-97.055686,2023
33.260717,-97.057883,2023
38.991306,-77.962923,2023
44.470465,-92.290116,2023
39.38676,-80.080101,2023
43.428258,-89.725403,2023
40.211103,-75.389877,2023
43.034577,-76.13328,2023
44.876928,-93.110825,2023
43.428603,-89.725455,2023
40.285483,-84.381196,2023
37.925444,-78.953736,2023
44.793514,-92.970632,2023
36.058773,-79.073902,2023
40.211741,-75.390316,2023
40.327074,-75.371626,2023
44.884573,-93.178793,2023
40.601087,-73.917855,2023
40.320086,-75.472883,2022
38.885103,-77.183078,2023
44.72498,-93.334284,2023
38.884319,-77.181183,2023
42.108073,-73.313318,2023
42.108423,-73.315584,2023
42.108073,-73.313532,2023
40.069336,-95.282563,2023
42.108065,-73.31421,2023
36.012525,-87.37902,2023
41.328942,-85.356472,2023
40.952583,-74.407314,2023
35.11762,-85.223617,2023
44.891472,-93.163575,2023
42.71283,-77.913742,2023
40.353902,-89.132383,2023
40.375808,-75.499153,2023
40.876531,-77.549037,2023
41.620245,-81.207183,2023
42.612589,-73.023138,2023
39.55027,-79.00167,2023
40.265632,-77.021074,2023
35.117006,-85.224547,2023
39.0867,-77.66072,2023
44.894295,-93.162308,2023
43.5306,-84.350964,2023
37.226953,-79.846553,2023
39.196606,-77.206808,2023
40.213511,-75.413621,2023
44.21034,-72.195373,2018
44.133391,-73.079008,2019
44.133391,-73.079008,2019
44.133391,-73.079008,2019
44.133391,-73.079008,2019
44.133391,-73.079008,2019
42.878134,-73.196774,2020
44.133391,-73.079008,2019
44.21034,-72.195373,2020
44.133391,-73.079008,2019
43.610624,-72.972606,2020
44.133391,-73.079008,2019
44.133391,-73.079008,2019
42.371425,-83.470213,2003
42.529477,-83.780221,2009
37.598733,-76.649055,2023
43.245706,-77.470668,2023
45.697737,-85.506553,2023
40.607087,-74.156692,2023
43.246799,-77.469093,2023
46.930621,-91.859301,2022
42.754163,-84.529787,2023
37.957731,-84.504015,2023
44.858417,-93.215616,2023
39.294559,-80.018017,2023
40.951108,-76.609878,2023
40.552513,-74.837827,2023
44.571487,-92.676163,2023
38.276291,-93.204228,2023
43.246794,-77.469124,2023
40.95053,-74.401787,2022
40.62086,-74.845718,2021
39.717249,-80.116015,2023
41.83453,-87.649275,2023
43.249228,-77.471588,2023
41.980579,-87.744972,2023
41.455841,-74.456429,2023
41.455566,-74.460144,2023
42.864058,-87.96135,2023
40.165589,-75.1864,2023
42.457136,-76.509486,2023
39.590562,-79.236813,2023
39.472827,-79.467016,2023
46.87882,-92.251276,2023
32.857848,-97.481207,2023
44.907779,-93.06685,2021
36.924205,-93.893653,2023
40.725086,-74.421263,2023
39.191282,-84.562289,2018
39.239156,-77.05922,2023
43.225709,-77.557937,2023
43.624619,-88.67522,2022
42.081783,-73.940742,2022
41.384147,-81.072875,2023
40.989321,-73.906193,2023
43.0895,-89.428139,2023
41.601907,-87.218638,2011
42.68452,-75.512891,2023
39.952596,-75.389044,2023
39.872107,-75.369637,2022
39.953706,-75.388014,2020
39.953369,-75.390514,2022
42.363531,-90.431411,2021
41.598765,-87.262346,2011
45.130002,-93.215858,2023
44.393831,-88.07293,2023
40.899957,-74.006565,2023
42.683133,-75.515959,2023
44.528012,-87.90918,2023
43.650555,-88.581628,2022
43.960862,-89.421755,2020
44.876103,-93.192196,2023
44.876375,-93.187294,2023
43.060008,-89.340453,2023
42.959008,-78.610253,2023
45.0797,-85.050107,2023
41.193562,-88.899405,2023
40.652984,-93.845046,2023
42.457987,-76.503722,2023
40.754939,-89.596756,2023
41.514786,-72.897202,2023
41.284772,-81.391556,2023
45.098513,-93.341632,2023
43.697144,-70.236343,2023
42.04987,-80.13768,2023
41.2785,-81.544328,2020
34.939205,-92.417073,2023
42.035839,-74.130592,2023
42.875968,-77.255797,2023
41.253447,-81.438528,2019
41.321221,-81.423264,2021
41.901737,-73.880753,2023
40.290653,-74.168403,2020
38.024743,-84.489265,2023
41.31752,-81.440061,2020
35.84423,-78.757778,2023
40.898567,-74.007323,2023
42.435279,-83.533982,2023
45.752331,-85.517564,2023
41.71148,-74.27475,2023
35.039395,-85.340745,2023
40.025517,-105.2724,2023
42.683477,-73.922291,2023
46.781433,-92.09729,2023
43.021464,-77.060236,2023
42.000136,-87.784975,2023
35.95613,-78.97868,2023
40.759178,-74.292723,2023
44.562572,-69.664658,2023
42.525577,-90.542513,2023
33.799771,-84.31239,2023
44.538399,-88.003082,2023
42.979546,-88.190288,2023
45.234261,-83.50675,2023
42.70289,-71.88257,2023
37.849464,-76.522663,2023
45.237162,-86.985642,2023
39.51135,-84.753536,2023
44.941447,-93.391372,2023
44.886326,-93.300647,2023
42.631394,-84.513142,2023
42.631588,-84.513101,2023
43.071575,-70.7722,2023
44.236947,-88.3731,2023
38.456894,-75.703768,2023
42.246678,-78.581733,2023
42.149381,-71.662205,2023
40.036353,-75.338517,2023
38.889339,-78.203294,2023
43.573288,-90.694092,2023
44.89607,-93.331038,2023
42.842716,-71.406587,2023
45.114782,-93.137428,2023
44.703083,-93.101905,2023
45.144083,-93.318158,2023
38.781939,-77.79615,2023
38.786092,-87.447167,2023
44.566192,-69.667105,2023
39.474205,-94.310242,2023
44.36891,-88.576421,2023
39.88335,-87.209633,2023
38.667197,-78.370095,2023
43.111508,-90.884637,2023
39.135344,-78.478446,2023
34.668505,-82.825425,2023
38.709753,-92.327512,2023
42.075189,-70.880019,2023
42.991784,-76.370811,2023
42.983437,-70.93949,2023
42.747223,-72.009082,2023
41.557137,-83.600862,2023
37.471915,-83.143311,2023
40.90107,-79.460093,2023
44.62232,-87.823547,2023
44.813606,-93.201945,2023
41.629585,-91.537957,2023
40.017387,-75.513814,2023
44.970354,-73.26603,2021
42.093284,-87.774746,2020
41.289986,-74.849163,2023
36.08065,-86.412252,2023
41.981757,-87.756021,2021
41.850418,-88.182901,2023
40.055053,-87.734947,2023
41.078516,-73.847781,2023
42.715741,-88.356615,2023
41.658909,-87.927698,2023
44.996389,-93.168869,2023
42.149357,-71.662226,2023
43.092983,-89.335495,2023
39.868215,-79.496047,2022
44.99808,-93.377326,2023
44.896375,-93.216971,2023
41.558136,-93.279114,2023
39.506656,-82.53024,2022
38.405754,-75.735997,2023
39.182771,-84.250133,2023
44.998938,-93.433105,2023
44.671278,-93.640028,2023
45.056336,-93.181633,2023
41.346048,-94.01191,2023
42.149387,-71.662188,2023
40.783351,-75.293277,2023
41.65865,-87.927475,2023
44.580704,-93.366859,2023
39.638682,-84.174397,2023
41.495614,-71.872513,2023
41.635502,-91.532572,2023
43.069994,-96.168951,2023
38.481905,-75.830278,2023
35.953926,-78.98152,2023
39.94248,-95.640188,2023
42.279075,-83.336188,2002
42.018975,-91.64257,2023
42.259754,-83.646778,2003
41.409844,-93.715557,2023
40.35033,-82.57048,2023
45.205431,-93.297403,2023
39.984974,-75.262809,2023
44.634278,-73.283378,2023
42.216789,-72.269179,2023
41.326516,-79.367552,2023
35.742458,-79.891893,2023
41.986558,-87.688386,2023
37.383011,-93.399872,2023
41.395112,-71.980308,2023
38.906113,-91.573043,2023
36.075123,-86.509483,2023
40.358868,-75.872946,2023
39.086679,-77.660751,2023
38.860873,-75.837885,2023
41.828463,-87.891153,2018
37.78013,-76.596441,2023
41.229792,-74.468436,2023
43.585663,-71.228172,2023
34.514499,-84.165998,2023
39.06985,-77.47113,2023
42.423286,-76.452704,2023
38.595433,-92.301846,2023
40.410764,-79.683506,2023
41.607496,-83.209608,2019
42.944572,-76.199212,2023
40.804383,-74.61798,2023
42.062807,-80.170102,2023
39.478057,-79.787543,2023
38.640622,-75.604119,2023
42.414978,-76.5196,2023
35.788667,-79.940536,2023
44.858609,-93.215653,2023
44.923741,-93.500049,2023
38.844448,-92.278083,2023
40.823981,-74.741464,2023
40.680132,-75.22547,2023
43.189127,-87.936084,2023
38.64071,-75.603947,2023
41.303313,-81.397169,2023
40.145108,-83.027969,2020
37.575137,-84.288131,2023
40.974695,-76.622428,2023
38.464796,-90.814895,2023
43.189278,-71.725913,2023
40.249549,-82.690048,2020
40.767381,-74.499934,2023
42.645828,-89.408853,2023
40.440088,-75.26923,2023
42.10177,-80.05217,2023
38.993083,-77.252953,2023
35.820382,-81.187775,2023
33.06209,-96.97958,2023
44.753638,-92.973318,2023
41.612362,-71.760443,2023
43.67943,-70.267867,2023
45.001007,-93.13331,2023
33.349958,-97.033506,2023
40.831208,-74.553047,2023
38.993062,-77.252922,2023
40.451192,-79.837395,2023
36.076679,-86.396999,2023
35.250439,-83.123444,2023
38.860931,-78.311643,2023
44.846749,-93.23188,2023
35.77638,-79.147296,2023
41.827914,-71.507531,2023
40.742751,-73.738811,2023
42.177663,-89.008447,2023
38.988408,-77.244317,2023
32.746457,-97.273482,2023
38.72593,-77.546509,2023
33.257214,-97.057097,2023
33.259766,-97.064189,2023
41.282783,-81.215328,2023
40.625249,-73.90706,2023
33.254242,-97.055528,2023
39.97208,-86.263542,2023
38.989601,-77.971011,2023
42.062987,-80.170081,2023
42.206134,-89.195167,2023
41.920204,-73.077286,2023
35.94802,-78.976697,2023
44.796975,-93.425413,2023
40.437997,-74.791428,2023
40.264275,-75.488433,2023
40.266211,-75.487707,2023
39.242077,-77.930432,2023
40.136482,-75.219752,2023
42.427822,-76.478758,2023
43.058011,-77.492255,2023
43.477775,-89.950692,2023
35.870472,-78.730125,2023
40.556995,-74.617646,2023
41.810038,-72.954215,2021
38.942167,-77.185929,2023
39.215022,-76.030671,2023
42.427822,-76.478758,2023
37.90317,-84.359875,2023
41.785404,-91.573532,2023
42.685112,-77.587412,2023
33.205678,-97.149523,2023
42.964605,-78.88547,2023
43.386105,-89.83248,2021
38.308903,-77.555131,2023
33.383339,-97.030157,2023
41.809772,-72.24077,2023
43.284375,-76.91672,2023
43.822328,-88.906442,2023
39.851563,-75.710915,2023
43.404978,-71.98952,2022
42.80697,-75.96615,2023
40.369097,-91.403262,2023
38.159467,-79.077575,2023
43.832405,-88.851713,2023
42.396963,-76.558253,2023
36.474194,-85.417243,2023
36.008157,-86.658053,2023
42.76105,-71.431522,2023
32.846917,-97.4728,2023
40.589048,-74.555705,2023
35.011269,-85.36702,2023
39.451347,-76.269535,2023
44.78535,-92.955772,2023
41.251293,-79.674515,2023
41.297448,-74.035412,2023
42.773014,-77.60186,2023
40.986156,-76.585097,2023
43.178913,-90.138886,2023
40.75039,-74.730263,2023
40.895138,-74.010528,2023
40.253917,-79.736778,2023
41.256737,-73.570962,2023
41.180506,-75.259026,2023
34.998842,-85.37307,2023
44.753864,-92.972525,2023
41.608745,-80.163842,2023
37.79043,-84.617801,2023
37.925367,-78.953785,2023
40.271962,-76.951635,2022
42.497805,-71.355805,2023
42.991572,-76.370748,2023
39.794849,-76.422205,2019
40.980201,-74.290536,2023
35.237982,-86.707312,2023
34.998695,-85.373262,2023
41.256734,-73.57073,2023
44.69774,-92.63435,2023
40.591938,-74.555669,2023
44.753914,-92.973113,2023
44.754181,-92.97319,2023
40.77884,-74.72125,2023
38.311203,-79.668871,2023
41.506134,-73.934753,2023
41.823933,-72.372322,2023
41.426882,-72.903928,2023
40.309776,-76.882369,2023
40.592317,-74.55554,2023
44.753638,-92.973318,2023
41.426882,-72.903928,2023
43.03535,-89.347633,2023
42.265143,-73.552604,2023
43.391017,-89.759347,2023
38.413773,-92.111063,2023
41.173705,-74.457128,2023
43.468253,-71.935045,2023
46.721774,-92.461182,2022
41.215584,-72.890618,2023
40.897143,-74.008262,2023
36.03837,-84.010483,2023
40.474912,-74.700438,2023
43.065628,-77.570953,2022
41.114486,-75.309323,2023
43.325287,-91.821983,2023
43.475333,-89.531333,2023
40.639622,-74.449625,2023
41.225969,-75.972427,2023
40.897123,-74.008238,2023
39.324157,-86.638074,2012
37.549364,-77.51394,2023
37.533987,-80.992487,2023
38.988486,-95.303505,2023
39.322297,-84.574592,2023
44.473426,-93.406301,2023
39.265258,-86.330217,2023
40.606828,-74.4626,2023
41.12577,-81.529223,2023
40.636585,-74.622316,2023
40.499553,-74.438255,2021
38.987649,-76.922087,2023
43.26118,-77.163782,2023
36.189828,-82.436235,2022
42.396635,-76.557504,2023
36.072608,-78.866325,2023
36.176218,-82.538325,2022
42.474264,-76.44586,2023
36.298914,-82.365801,2022
43.391017,-89.759347,2023
43.388078,-89.766792,2023
40.665187,-74.643504,2023
41.326157,-79.365133,2023
42.169416,-73.243596,2023
39.211706,-76.907456,2021
43.373169,-89.862244,2023
40.977784,-73.952418,2023
40.595965,-74.57347,2023
40.794062,-80.236357,2023
41.326477,-81.464699,2023
40.582635,-74.548203,2023
35.010911,-85.365212,2023
38.987649,-76.922087,2023
37.894057,-84.397552,2023
40.11647,-75.334813,2023
33.260265,-97.055352,2023
44.754961,-87.558879,2021
43.33287,-91.870238,2023
44.565819,-92.501848,2023
44.759395,-92.985572,2023
39.98728,-75.210037,2023
40.8969,-74.008826,2023
34.47761,-84.064489,2023
44.83717,-93.030753,2023
44.745388,-93.137908,2023
40.667834,-77.909435,2022
44.760262,-92.99112,2023
38.5974,-75.811653,2023
35.640572,-82.4926,2023
44.313611,-88.451338,2022
37.387342,-93.388895,2022
40.769483,-77.684725,2023
39.079543,-77.073034,2023
44.777355,-93.165016,2023
43.063282,-76.044412,2015
38.849503,-77.192268,2019
42.01455,-71.413422,2022
43.282568,-76.270485,2022
44.653462,-93.717072,2023
40.613955,-74.170988,2022
35.237976,-86.710644,2022
39.834308,-86.192704,2022
42.012853,-71.4136,2022
39.46991,-76.13559,2023
44.778942,-93.165954,2023
42.545969,-76.560155,2022
41.497264,-81.282572,2016
38.87044,-92.306093,2023
41.413082,-81.467207,2016
38.96697,-75.936564,2022
44.742775,-93.137742,2023
44.612453,-73.389258,2022
44.893033,-93.162422,2022
41.980865,-88.107117,2021
40.898835,-74.007257,2023
39.340203,-82.013575,2021
45.170656,-93.097569,2022
40.520978,-74.184883,2021
42.997196,-88.13722,2022
46.471575,-86.995223,2022
44.899872,-93.159184,2022
39.856479,-86.353558,2020
41.978183,-87.743212,2020
40.899842,-74.006631,2023
44.9194,-93.109978,2023
44.913187,-93.117339,2023
44.742255,-92.79023,2023
44.929753,-93.301656,2023
40.550408,-74.674915,2023
40.98925,-73.906183,2023
39.798557,-75.66067,2023
39.798642,-75.660805,2023
35.02376,-82.22038,2017
40.474566,-74.571877,2022
42.458833,-76.503798,2022
44.824753,-93.22608,2023
44.845797,-93.229683,2022
38.971442,-76.505294,2022
41.421008,-73.864995,2022
43.336804,-89.952848,2022
43.18612,-89.930855,2022
44.824731,-93.225858,2023
44.846747,-93.232933,2022
37.915731,-78.879038,2022
35.001331,-85.371353,2022
41.367152,-76.033388,2017
41.126131,-78.751838,2020
41.491436,-71.524444,2022
41.453318,-71.511325,2022
45.181847,-93.087053,2022
45.003114,-93.121283,2022
33.248642,-97.042144,2022
45.181822,-93.086914,2022
40.855147,-81.390567,2022
41.020884,-96.243941,2022
40.475147,-74.42462,2022
42.51954,-70.896715,2022
40.607456,-74.156745,2022
42.349598,-76.407628,2022
33.263925,-97.058875,2022
42.720662,-77.599363,2022
40.443536,-74.578374,2022
45.283544,-93.124838,2022
39.349112,-76.899647,2020
40.10721,-76.41595,2022
40.015495,-105.29565,2022
42.308311,-92.191849,2022
43.046392,-77.481895,2022
39.678141,-76.455901,2018
42.990445,-76.132156,2022
43.650525,-88.58168,2022
40.410796,-75.247906,2020
46.656288,-87.631162,2022
35.011333,-85.3666,2022
40.055251,-75.252677,2022
41.84005,-72.235742,2022
40.080651,-82.512056,2013
42.009899,-73.944603,2021
42.0499,-73.939957,2021
42.009899,-73.944603,2021
42.014801,-73.945602,2021
42.009899,-73.944603,2021
42.105011,-73.935402,2021
42.009899,-73.944603,2021
42.014801,-73.945602,2021
42.009899,-73.944603,2021
42.105011,-73.935402,2021
42.014801,-73.945602,2021
42.014801,-73.945602,2021
42.009899,-73.944603,2021
42.0499,-73.939957,2021
42.009899,-73.944603,2021
42.014801,-73.945602,2021
42.009899,-73.944603,2021
42.014801,-73.945602,2021
42.105011,-73.935402,2021
42.009899,-73.944603,2021
42.014801,-73.945602,2021
42.0499,-73.939957,2021
42.009899,-73.944603,2021
42.009899,-73.944603,2021
42.014801,-73.945602,2021
42.009899,-73.944603,2021
42.009899,-73.944603,2021
42.014801,-73.945602,2021
42.014801,-73.945602,2021
42.014801,-73.945602,2021
42.014801,-73.945602,2021
42.009899,-73.944603,2021
42.105011,-73.935402,2021
42.105011,-73.935402,2021
42.014801,-73.945602,2021
42.014801,-73.945602,2021
42.105011,-73.935402,2021
42.009899,-73.944603,2021
42.009899,-73.944603,2021
42.014801,-73.945602,2021
42.105011,-73.935402,2021
42.014801,-73.945602,2021
42.0499,-73.939957,2021
42.0499,-73.939957,2021
42.009899,-73.944603,2021
42.014801,-73.945602,2021
42.014801,-73.945602,2021
42.105011,-73.935402,2021
42.009899,-73.944603,2021
42.009899,-73.944603,2021
42.009899,-73.944603,2021
42.014801,-73.945602,2021
42.009899,-73.944603,2021
42.014801,-73.945602,2021
42.014801,-73.945602,2021
42.009899,-73.944603,2021
42.014801,-73.945602,2021
42.0499,-73.939957,2021
42.0499,-73.939957,2021
42.014801,-73.945602,2021
42.105011,-73.935402,2021
42.009899,-73.944603,2021
42.009899,-73.944603,2021
42.014801,-73.945602,2021
42.105011,-73.935402,2021
42.014801,-73.945602,2021
42.0499,-73.939957,2021
42.014801,-73.945602,2021
42.0499,-73.939957,2021
42.009899,-73.944603,2021
42.009899,-73.944603,2021
42.0499,-73.939957,2021
42.009899,-73.944603,2021
42.014801,-73.945602,2021
42.014801,-73.945602,2021
42.0499,-73.939957,2021
42.009899,-73.944603,2021
42.105011,-73.935402,2021
42.0499,-73.939957,2021
42.014801,-73.945602,2021
42.009899,-73.944603,2021
42.014801,-73.945602,2021
44.750311,-84.679699,2022
39.818348,-76.335315,2019
40.294287,-75.796748,2022
42.991571,-76.370753,2022
39.86533,-74.8805,2022
45.006075,-92.89973,2022
41.470867,-72.453133,2022
39.885036,-82.637931,2022
43.131472,-71.367338,2022
43.284005,-76.922116,2022
42.959062,-77.937745,2022
35.007267,-85.367737,2022
42.99159,-76.370757,2022
40.115453,-75.230047,2022
41.70088,-72.290833,2020
41.456702,-71.511659,2022
41.457644,-72.533701,2019
42.600893,-79.11948,2022
42.612811,-71.078929,2022
42.991582,-76.37076,2022
39.28919,-76.708531,2022
39.243695,-76.595419,2022
44.922757,-93.082834,2022
41.767242,-71.477966,2022
39.157547,-84.539248,2022
42.245745,-73.304275,2021
44.899044,-93.157894,2022
40.35533,-74.709728,2019
41.326838,-88.964783,2022
40.65387,-74.50003,2022
42.607074,-79.105086,2022
40.564095,-80.011628,2022
40.550995,-74.681083,2022
40.287688,-75.45282,2022
41.177694,-75.88874,2022
44.89037,-93.166808,2022
41.06943,-74.854252,2022
39.064067,-77.1296,2022
39.268088,-94.450783,2022
44.711638,-93.171617,2021
42.45798,-76.503762,2022
42.342115,-71.42537,2022
41.165038,-87.585455,2022
44.943017,-85.949617,2022
43.100606,-88.818747,2022
40.414339,-74.631975,2022
41.439738,-81.445367,2022
38.682172,-75.95101,2022
40.022542,-76.34368,2022
47.343655,-88.452385,2022
46.484062,-84.629672,2022
38.892644,-84.374173,2014
43.715625,-71.5126,2022
37.194412,-93.228295,2022
40.409975,-74.633056,2022
46.484175,-90.055775,2022
39.798367,-75.660775,2022
42.053345,-77.173027,2022
39.66547,-75.747947,2022
38.987022,-77.051666,2022
42.40337,-76.433408,2022
39.66835,-75.740459,2022
45.064297,-87.081794,2022
38.035411,-78.484454,2022
42.461708,-76.559863,2022
42.70305,-73.113769,2022
46.724438,-92.073887,2022
42.446995,-76.483609,2022
42.703542,-73.11383,2022
40.58935,-75.527505,2022
38.596938,-78.377965,2022
42.526542,-92.489764,2022
44.55038,-69.676895,2022
41.727432,-86.82111,2022
40.595084,-82.18155,2022
43.494825,-76.468064,2022
41.566923,-71.693888,2021
44.608609,-93.119215,2022
46.807058,-90.825567,2022
42.598853,-86.156897,2022
46.587703,-90.835548,2022
41.259767,-73.587269,2021
46.654706,-87.629958,2022
41.259632,-73.587077,2021
42.412522,-85.376,2022
46.654369,-87.630067,2022
46.875365,-89.313577,2022
40.280813,-77.418245,2022
44.021906,-92.449803,2022
42.309195,-72.335439,2022
37.880721,-80.286757,2022
41.221767,-73.701142,2021
41.259772,-73.587212,2021
35.561808,-83.312937,2020
41.019619,-74.647255,2022
35.595943,-82.554198,2020
42.54274,-74.174005,2022
41.33953,-73.292485,2022
42.43923,-76.523125,2022
42.031514,-93.653636,2022
39.153225,-84.481292,2022
39.950881,-82.922486,2022
39.601724,-75.553183,2022
44.858709,-93.070789,2022
42.723382,-88.33363,2022
41.213916,-74.121472,2022
42.653803,-91.906105,2022
43.218193,-76.39355,2022
41.583925,-93.681678,2022
42.110961,-73.544503,2022
43.810633,-91.208742,2022
44.906202,-93.194174,2022
41.424656,-72.902324,2022
39.69146,-75.749677,2022
42.460914,-76.509072,2022
44.749142,-93.296707,2022
39.150448,-94.480772,2022
42.72645,-71.606322,2022
38.697217,-75.073319,2022
39.669,-75.81466,2022
34.73555,-83.928419,2022
40.428829,-86.938278,2022
39.882694,-75.669617,2022
39.682771,-78.12367,2022
41.849824,-72.640133,2022
40.829363,-74.300278,2022
36.593253,-92.83283,2022
42.427977,-76.494703,2022
43.024543,-89.847645,2022
41.285092,-74.530995,2022
42.517108,-76.400078,2022
39.7686,-75.603501,2022
41.981737,-93.63973,2022
39.668463,-75.742022,2022
38.210675,-85.711221,2021
34.998772,-85.373222,2022
41.134168,-73.587373,2022
39.088318,-75.437576,2022
41.172685,-74.456738,2022
39.026435,-77.598137,2022
40.0139,-105.269775,2022
40.540366,-74.237122,2022
40.868589,-73.878072,2022
40.597695,-74.150536,2022
39.196651,-77.201745,2022
40.986815,-74.267083,2022
35.686749,-83.500751,2022
39.66853,-75.741437,2022
45.197701,-93.359545,2022
39.666578,-75.743409,2022
39.668344,-75.740599,2022
40.50431,-74.220981,2022
39.34037,-76.570883,2022
38.187312,-79.65193,2022
40.013778,-105.269553,2022
41.431591,-90.455008,2022
39.667783,-75.741723,2022
36.199834,-81.802121,2022
39.230195,-76.001311,2022
41.660383,-81.32687,2022
40.607058,-74.778195,2022
41.64818,-91.563107,2020
40.01339,-105.275307,2022
42.882866,-76.446808,2022
38.462863,-90.611632,2022
43.495169,-76.468292,2022
42.211262,-89.205408,2022
38.972322,-77.877953,2021
45.010596,-87.148935,2022
40.978811,-73.952133,2022
42.455837,-71.083778,2022
39.436843,-75.978358,2022
44.986019,-93.12923,2022
43.022497,-77.06354,2022
45.142028,-93.080453,2022
45.045437,-93.395328,2022
42.428108,-77.197037,2022
37.944508,-78.911403,2022
38.680828,-75.951169,2022
42.453734,-76.512011,2022
44.043203,-92.434829,2022
41.352863,-73.952797,2022
39.668512,-75.740327,2022
39.668151,-75.740337,2022
38.913352,-76.942939,2022
42.776908,-88.397157,2022
43.06012,-71.166626,2022
46.266302,-90.151405,2022
38.262394,-78.656631,2022
42.461003,-76.509072,2022
42.474812,-76.430382,2022
40.78778,-74.751297,2022
37.717177,-89.245582,2022
42.030911,-93.645642,2022
42.592691,-71.560433,2022
38.187686,-79.651954,2022
39.952822,-82.922269,2022
44.859707,-93.21751,2022
40.597692,-74.150505,2022
40.597695,-74.150528,2022
43.317913,-76.326489,2022
38.854603,-77.207832,2022
40.728756,-89.615318,2022
39.372199,-76.542846,2022
38.857806,-77.328517,2022
40.685738,-75.289922,2022
40.760523,-74.27999,2022
40.476789,-74.43766,2021
39.675953,-75.7725,2022
44.899194,-93.157993,2022
40.500183,-75.228142,2021
38.093643,-85.636467,2021
43.1464,-77.514251,2022
39.736775,-75.657054,2022
41.450829,-75.345062,2021
40.358791,-91.419123,2022
40.049714,-75.035439,2022
36.043933,-83.923058,2022
38.652409,-78.297165,2022
43.040611,-77.47677,2022
37.172712,-93.327112,2022
37.717632,-89.244382,2022
42.36833,-83.35278,2003
42.36833,-83.35278,2003
42.36833,-83.35278,2003
42.36833,-83.35278,2003
42.36833,-83.35278,2003
42.36833,-83.35278,2003
42.36833,-83.35278,2003
42.36833,-83.35278,2003
42.36833,-83.35278,2003
42.36833,-83.35278,2003
37.641144,-77.670106,2022
43.005767,-77.476272,2022
41.477375,-81.827483,2022
37.678393,-77.94376,2022
41.547851,-73.52388,2022
42.153059,-78.695638,2022
35.60767,-82.457612,2022
39.051772,-77.310387,2022
40.263939,-75.767703,2022
35.953987,-78.946188,2022
41.986558,-87.688386,2022
38.859349,-77.493349,2022
32.847089,-97.474798,2022
41.730054,-88.006993,2022
38.859349,-77.493349,2022
43.008133,-77.474638,2022
32.84936,-97.490555,2022
44.860204,-93.214702,2022
44.926936,-93.195088,2022
41.33395,-85.363578,2022
41.7318,-74.21807,2018
41.83122,-74.08931,2018
41.78606,-74.10966,2018
41.72625,-74.21467,2021
41.7563,-74.1681,2018
41.72828,-74.21533,2021
41.72487,-74.21826,2021
41.7338,-74.19683,2021
41.80137,-74.11485,2018
41.72504,-74.21605,2021
41.73419,-74.19849,2021
41.72617,-74.21681,2021
41.72061,-74.22085,2018
41.78539,-74.11091,2018
41.74494,-74.19193,2018
41.72895,-74.2133,2021
41.72999,-74.21612,2018
41.72625,-74.21467,2021
41.7354,-74.19728,2021
41.75684,-74.15205,2018
41.72372,-74.21737,2021
41.7293,-74.21514,2021
41.72964,-74.21816,2018
41.79437,-74.14078,2018
41.73446,-74.19599,2021
41.78926,-74.1289,2018
41.75531,-74.154,2018
41.7531,-74.13671,2018
41.73663,-74.19565,2021
41.78744,-74.1494,2018
41.8127,-74.11067,2018
41.75644,-74.15696,2018
41.7924,-74.12228,2018
41.74133,-74.14158,2018
41.80823,-74.11327,2018
41.75515,-74.16162,2018
41.8049,-74.11207,2018
41.75585,-74.16435,2018
41.73548,-74.19571,2021
42.89845,-88.161006,2022
44.769996,-93.194022,2021
44.527487,-87.972352,2021
44.159085,-88.293031,2022
43.30937,-88.321987,2019
43.30937,-88.321987,2019
43.148932,-88.091659,2019
40.057197,-82.492803,2022
42.350413,-76.788488,2022
43.116745,-88.095501,2019
40.627253,-75.135709,2022
41.543164,-71.682103,2022
43.117015,-88.095442,2019
40.330171,-75.482716,2022
41.851688,-72.640259,2022
40.60582,-75.402603,2022
40.330171,-75.482716,2022
40.595862,-74.573878,2022
41.984424,-72.606292,2022
44.813289,-93.26644,2022
40.898045,-74.007767,2022
43.309378,-88.321971,2018
44.971422,-93.390909,2022
41.245905,-73.339888,2022
43.309514,-88.322132,2018
43.310705,-88.321928,2018
43.248189,-88.287629,2018
40.749846,-74.729059,2022
43.246437,-88.290136,2019
43.943683,-71.726394,2021
41.854513,-72.637293,2022
40.895292,-74.010987,2022
41.851475,-72.637734,2022
38.849467,-77.192273,2019
40.897903,-74.008077,2022
40.328443,-75.451478,2022
37.466023,-82.545067,2022
43.956225,-92.284378,2022
40.587992,-74.556449,2022
37.466159,-82.544948,2022
37.467435,-82.544456,2022
44.866475,-93.19783,2022
40.873523,-73.967372,2022
37.466288,-82.544951,2022
40.66604,-77.9104,2022
39.798488,-75.660932,2022
40.581806,-74.543142,2022
40.422322,-74.787758,2022
40.975675,-73.952236,2022
40.246933,-75.679308,2022
40.602192,-74.532629,2022
40.695731,-74.515427,2022
43.391523,-89.818088,2021
40.848711,-74.554878,2022
41.405885,-72.697264,2019
40.900437,-73.887138,2022
42.645995,-77.775414,2022
40.065104,-77.950121,2022
41.083758,-74.187558,2022
40.866499,-74.968494,2022
40.650886,-74.477294,2022
42.569522,-72.39978,2022
40.475424,-74.42455,2022
40.914154,-74.029224,2022
43.024162,-89.462653,2021
40.564305,-80.012511,2022
42.026449,-79.168115,2022
43.956322,-92.284728,2022
44.291832,-93.198855,2022
43.956245,-92.284408,2022
43.956162,-92.283762,2022
40.437887,-75.322307,2021
40.778908,-77.79785,2022
40.648642,-74.509607,2022
40.484005,-74.436036,2022
45.142028,-93.298217,2022
40.590142,-74.555417,2022
40.597199,-74.572419,2022
40.890222,-74.007833,2022
40.890228,-74.007778,2022
40.558865,-74.529717,2022
40.082214,-75.80803,2022
40.362359,-75.883908,2021
40.618199,-74.487859,2022
43.230713,-89.825391,2021
44.960276,-93.35218,2022
43.392141,-89.83829,2021
43.255592,-89.918387,2021
43.281264,-89.857377,2021
43.249401,-89.805459,2021
43.20023,-89.962254,2021
43.240513,-89.921756,2021
44.830032,-93.220284,2022
43.223942,-89.819346,2021
38.894792,-77.060828,2022
40.053951,-74.980409,2022
43.360333,-89.881388,2021
38.899047,-77.066134,2022
43.364165,-89.903018,2021
43.033863,-76.134277,2019
42.349323,-85.257263,2019
40.210441,-74.780433,2022
43.337083,-89.983473,2021
40.897535,-74.008458,2022
40.897553,-74.008473,2022
40.598314,-74.494735,2022
43.039005,-76.125732,2020
40.021575,-75.856505,2022
42.078137,-87.857511,2022
39.161518,-76.827913,2022
39.166447,-84.70253,2022
40.123347,-84.433227,2021
40.610036,-74.538021,2022
38.747795,-83.158019,2022
38.890335,-77.47039,2021
43.34302,-89.951911,2021
42.917972,-73.784203,2022
41.854722,-72.638661,2022
39.962178,-75.804162,2021
42.70678,-77.455392,2021
43.095408,-77.5662,2021
43.340159,-89.947863,2021
40.010186,-75.858055,2022
41.581427,-75.694155,2021
42.762097,-77.611288,2021
41.859722,-72.237687,2022
43.343652,-89.953962,2021
43.339333,-89.953346,2021
43.37927,-89.766305,2021
43.092872,-77.547972,2021
37.89839,-84.360493,2021
40.342797,-75.541714,2022
42.706403,-77.456113,2022
43.339112,-87.885206,2022
43.342595,-89.954179,2021
37.207258,-80.390586,2021
39.933633,-75.602155,2021
38.638042,-77.229033,2021
38.695083,-77.063553,2021
35.359181,-80.917505,2021
41.477138,-81.827338,2021
42.092538,-74.018508,2010
43.351645,-89.923023,2021
40.536469,-74.194538,2021
40.053578,-75.736612,2021
41.012089,-81.513469,2021
39.459026,-78.472415,2017
42.70742,-77.455772,2022
42.079997,-87.853606,2022
39.31889,-82.115108,2021
40.336872,-76.857048,2022
43.615862,-90.65068,2021
41.560498,-75.716556,2021
41.013186,-81.517747,2021
42.201012,-88.960258,2021
42.644698,-78.942298,2021
42.706158,-77.455445,2022
43.242469,-89.984339,2021
41.098061,-76.662822,2021
43.385973,-89.972915,2021
44.043678,-92.435471,2021
40.373642,-75.007697,2021
40.554213,-74.652528,2021
40.318672,-75.135857,2021
38.993514,-77.966822,2021
38.779908,-77.800607,2020
40.978892,-73.951811,2021
40.139364,-75.150426,2020
40.506191,-74.578951,2021
40.010075,-75.85823,2021
40.021447,-75.856483,2021
44.865845,-93.623772,2021
43.95628,-92.284387,2021
41.731905,-72.391967,2021
37.134308,-80.564156,2021
40.026142,-75.863563,2021
43.339073,-89.953882,2021
39.985247,-75.851263,2021
44.644532,-87.762761,2021
43.526314,-89.907776,2021
43.266029,-89.875524,2021
44.953703,-93.089958,2021
37.28171,-91.831556,2021
43.956233,-92.284387,2021
40.002158,-75.844855,2021
43.343474,-89.951716,2020
39.165228,-84.575286,2021
42.034739,-93.649125,2021
39.962675,-86.16281,2021
40.130195,-75.295028,2021
40.118928,-75.265647,2021
41.130439,-74.245999,2021
42.441172,-76.52406,2021
39.919109,-86.185493,2021
43.086347,-89.423608,2021
42.537673,-90.646377,2021
41.421285,-72.902466,2016
41.195843,-73.739963,2021
42.034428,-93.648678,2021
42.034683,-93.648833,2021
42.084633,-74.099717,2021
40.018357,-75.84159,2021
41.114206,-73.816006,2021
40.00623,-75.403222,2021
40.009357,-75.863095,2021
41.420749,-72.902297,2016
41.140816,-75.152423,2021
37.993233,-84.531503,2020
40.256802,-76.734413,2021
40.445179,-75.626717,2021
40.82737,-75.3899,2021
33.710777,-92.52055,2017
40.421746,-79.676439,2021
40.373608,-75.007631,2021
41.585685,-81.563309,2021
38.882313,-77.13848,2021
41.467033,-75.330484,2021
40.057029,-75.25059,2021
37.375739,-80.522014,2019
40.60395,-75.374978,2021
39.948505,-80.734192,2021
42.991745,-76.370765,2021
34.996986,-84.638854,2021
42.979033,-76.385422,2021
42.425642,-73.174321,2012
42.978965,-76.385436,2021
42.97898,-76.385433,2021
42.621519,-71.455252,2021
41.783408,-76.791747,2021
44.82468,-93.259108,2021
44.860322,-93.215125,2021
40.338423,-75.167359,2021
41.980699,-72.606775,2021
41.813807,-72.833155,2021
45.781667,-84.758296,2021
41.331111,-72.939134,2021
42.422047,-76.456286,2021
41.980024,-72.606859,2021
42.111466,-71.218695,2021
41.980699,-72.606775,2021
42.835437,-75.664542,2021
40.99408,-74.449105,2021
41.886657,-74.309485,2021
41.846199,-87.871468,2021
42.696472,-73.749633,2021
44.901578,-85.988822,2021
43.084949,-88.906109,2021
44.824672,-93.25895,2021
47.470412,-87.890249,2021
43.657745,-87.722162,2021
41.431857,-90.455238,2021
44.859963,-93.261449,2021
41.607027,-91.559285,2021
43.43394,-88.022927,2013
38.624027,-78.342801,2021
39.006633,-84.142342,2021
42.861368,-75.78677,2021
46.655203,-87.630753,2021
42.45605,-76.434872,2021
42.592691,-71.560433,2021
41.450787,-75.34497,2021
42.876392,-76.706047,2021
39.996792,-75.530286,2021
45.004792,-87.164383,2021
43.022776,-77.06049,2021
39.996545,-75.530581,2021
40.297558,-75.062486,2021
43.129154,-77.45574,2021
42.109191,-76.950338,2021
42.628903,-78.737652,2021
42.440405,-76.489604,2021
44.264463,-91.908731,2021
40.354422,-75.298317,2021
42.54455,-76.098602,2021
42.483169,-76.488881,2021
42.673795,-86.1978,2021
40.308659,-75.53323,2021
42.451228,-71.085547,2021
42.98114,-88.1922,2021
42.573818,-84.131986,2021
42.986151,-88.19788,2021
40.349223,-74.557148,2021
41.407308,-72.919495,2021
39.856381,-75.191044,2021
40.283817,-83.14204,2021
40.014858,-75.299872,2021
37.553958,-84.240312,2021
40.50969,-74.218529,2021
44.930695,-93.137238,2021
44.8019,-93.234603,2021
39.192041,-84.587362,2021
40.315464,-74.624722,2021
42.452458,-76.463403,2021
40.33556,-74.795624,2021
41.729607,-74.05748,2021
41.001769,-74.730897,2021
40.139236,-74.025955,2021
42.97644,-88.113173,2021
40.602102,-74.055785,2021
43.74772,-87.740922,2021
38.266716,-87.144448,2021
39.600382,-84.168769,2021
42.996137,-88.133157,2021
42.28133,-72.34548,2021
43.228328,-78.340796,2021
40.092383,-75.597375,2021
42.392197,-76.37403,2021
40.607283,-75.642105,2021
43.058614,-87.894613,2021
39.47137,-76.995948,2021
43.069827,-87.894705,2021
41.745361,-72.157294,2021
40.004875,-75.256517,2021
43.037967,-76.120437,2021
43.384726,-88.01975,2021
38.847107,-92.257756,2021
39.2448,-84.419913,2021
41.726199,-81.338755,2021
37.905247,-84.362572,2021
39.719627,-75.526085,2021
42.770084,-90.346558,2021
34.951667,-81.886333,2021
41.168362,-73.820457,2021
42.959091,-76.916759,2021
42.47823,-71.194388,2021
38.548133,-78.376433,2021
42.587574,-90.360184,2021
39.386247,-76.569694,2021
42.102813,-76.95383,2021
40.515403,-74.193861,2021
44.9775,-93.149627,2021
39.431713,-76.783986,2020
39.932358,-75.2378,2021
42.504864,-72.482926,2021
42.723583,-77.467642,2021
40.048984,-89.740502,2021
40.063977,-75.014272,2021
40.06847,-74.894822,2021
39.320123,-94.960885,2021
42.470133,-92.464711,2021
43.233958,-89.738807,2021
39.49584,-95.403544,2021
40.954412,-89.428925,2021
39.885036,-74.958515,2021
40.582784,-74.68047,2021
40.445267,-75.180786,2021
40.279426,-74.987813,2021
38.935345,-77.139725,2021
39.320099,-94.960565,2021
42.998165,-78.476146,2021
26.683812,-80.086769,2021
41.102547,-74.146642,2021
42.881133,-78.124511,2021
41.178818,-74.55161,2021
35.239233,-80.515009,2021
40.349705,-74.659425,2021
42.087112,-71.177047,2021
40.177197,-75.246645,2021
36.288171,-82.499049,2021
39.215938,-76.844147,2021
39.295327,-76.782904,2021
42.428103,-76.460592,2021
40.501717,-74.433495,2021
38.857767,-77.328425,2021
39.027412,-75.883881,2021
37.524504,-77.456075,2021
40.783039,-74.600085,2021
40.732934,-74.670876,2021
39.265679,-77.209591,2021
35.820008,-81.188016,2021
40.023017,-75.421538,2021
41.383931,-82.321308,2012
35.631656,-79.105681,2021
39.000236,-77.108619,2021
42.503144,-83.860374,2009
40.091039,-75.612533,2021
33.902219,-83.39282,2021
39.95378,-82.921875,2021
41.136742,-87.994797,2021
40.440597,-74.724256,2021
36.103999,-79.878526,2021
35.81747,-81.180409,2021
41.357653,-73.008929,2021
42.458505,-76.504293,2021
40.479317,-80.013236,2021
41.887244,-87.665927,2021
40.908606,-74.4418,2021
41.549243,-73.322976,2021
40.174546,-80.142892,2021
41.266702,-74.232793,2021
41.998,-87.769905,2021
44.909062,-93.067214,2021
40.075939,-75.234619,2021
34.236762,-84.490762,2021
40.057511,-75.248467,2021
38.996783,-77.248725,2021
33.492756,-94.102936,2021
33.263726,-97.060359,2021
42.482849,-76.466959,2021
40.084008,-75.611617,2021
41.231137,-74.535155,2021
41.979139,-87.741758,2021
44.861142,-93.212997,2021
40.472533,-74.744828,2021
40.519731,-78.001728,2021
40.001902,-83.028969,2013
39.239524,-76.473618,2021
41.632268,-74.368298,2021
45.41208,-94.05537,2019
44.6836,-93.091744,2021
43.313333,-91.803889,2017
43.313333,-91.803889,2017
44.862142,-93.208528,2021
40.65699,-74.758526,2021
41.924512,-87.703903,2021
38.057421,-77.847922,2021
38.975333,-95.002031,2021
44.958187,-93.154606,2018
44.003917,-92.471016,2018
43.990668,-92.502306,2019
45.12788,-93.167352,2018
44.958187,-93.154606,2018
44.958187,-93.154606,2017
44.966533,-93.231301,2016
44.003917,-92.471016,2018
44.958187,-93.154606,2019
44.898,-93.16334,2015
44.958187,-93.154606,2019
43.990668,-92.502306,2019
43.86368,-92.479388,2019
44.958187,-93.154606,2017
44.947459,-93.011506,2018
44.947459,-93.011506,2018
44.947459,-93.011506,2018
44.958187,-93.154606,2019
44.947459,-93.011506,2018
45.132707,-93.149148,2018
43.990668,-92.502306,2019
44.003858,-92.470942,2018
45.12564,-93.16741,2018
44.523776,-92.33398,2017
44.947459,-93.011506,2018
43.990668,-92.502306,2019
43.990668,-92.502306,2019
45.032454,-93.15825,2018
45.12788,-93.167352,2018
44.966533,-93.231301,2016
44.958187,-93.154606,2019
44.003858,-92.470942,2018
44.947459,-93.011506,2018
44.958187,-93.154606,2019
44.966533,-93.231301,2016
44.947459,-93.011506,2018
44.947459,-93.011506,2018
44.966533,-93.231301,2016
43.990668,-92.502306,2019
44.958187,-93.154606,2017
44.958187,-93.154606,2017
44.958187,-93.154606,2019
44.958187,-93.154606,2018
45.143564,-93.116667,2019
44.958185,-93.154597,2018
44.958187,-93.154606,2018
44.958187,-93.154606,2019
44.958187,-93.154606,2018
44.002896,-92.444182,2019
44.958185,-93.154597,2018
44.947459,-93.011506,2018
44.958187,-93.154606,2018
44.003858,-92.470942,2018
43.990668,-92.502306,2019
44.958187,-93.154606,2018
44.958187,-93.154606,2019
44.958187,-93.154606,2018
43.990668,-92.502306,2019
43.990668,-92.502306,2019
44.003915,-92.47101,2017
44.052451,-92.415476,2018
45.143564,-93.116667,2019
43.990668,-92.502306,2019
44.958185,-93.154597,2018
44.958187,-93.154606,2018
44.052451,-92.415476,2018
44.958187,-93.154606,2019
44.947459,-93.011506,2018
44.947459,-93.011506,2018
45.132732,-93.149116,2019
44.958187,-93.154606,2018
35.643019,-79.116395,2021
35.644097,-79.1167,2021
40.055083,-76.889147,2021
41.54454,-73.209002,2021
39.331505,-76.620895,2019
41.54454,-73.209002,2021
40.190395,-75.407395,2021
41.428991,-82.643683,2020
41.978328,-87.741434,2017
39.951126,-83.448902,2020
41.728305,-74.230728,2021
40.816953,-82.02533,2019
40.523846,-80.324625,2021
42.480513,-90.640515,2021
41.954048,-72.768196,2021
42.141729,-87.820067,2021
40.144122,-75.718278,2021
42.177658,-87.915467,2021
40.466379,-74.42601,2021
34.060811,-84.257897,2019
40.013821,-75.190788,2018
40.588534,-74.556414,2021
40.124158,-75.441488,2021
40.694054,-75.006191,2021
41.337916,-81.824833,2008
39.462198,-84.220454,2020
39.981888,-105.24108,2018
44.859013,-93.21958,2021
42.041261,-72.966419,2021
40.455663,-74.458528,2021
40.082139,-75.603263,2021
41.606789,-87.566367,2021
41.150896,-73.696733,2021
41.821551,-72.374844,2021
43.278814,-89.90765,2021
40.082297,-75.6063,2021
41.68708,-72.610973,2021
41.98006,-87.743722,2021
41.686838,-72.61066,2021
41.6858,-72.609988,2021
42.729291,-88.224418,2021
41.151099,-73.696369,2021
41.977708,-87.738137,2021
44.257434,-72.582558,2019
42.150867,-87.77338,2021
40.075939,-75.234628,2021
42.917962,-73.784195,2021
42.150739,-87.773428,2021
41.733488,-87.678808,2021
42.693103,-77.139564,2021
40.582405,-74.550553,2021
44.888209,-92.764558,2021
39.080004,-84.540483,2013
40.106553,-75.592322,2021
40.856597,-73.320672,2021
39.644794,-79.969986,2016
41.28118,-73.646378,2021
44.883063,-93.182053,2021
40.050575,-75.375283,2021
39.080004,-84.540483,2013
39.080004,-84.540483,2013
40.145471,-75.75741,2021
40.176512,-75.687317,2021
41.390003,-81.548819,2014
38.815221,-77.009011,2021
38.81517,-77.009483,2021
36.009538,-78.693614,2021
40.119867,-75.602128,2021
40.234047,-75.091597,2021
36.609352,-82.742646,2021
40.120186,-75.601945,2021
41.845776,-73.461155,2021
41.710555,-84.640574,2019
42.693078,-84.383186,2020
44.602127,-73.145522,2021
42.312063,-83.93386,2020
47.099999,-88.555205,2016
41.975241,-87.738522,2020
38.230784,-79.601775,2020
41.183474,-77.194525,2020
43.041806,-76.181137,2020
41.841278,-73.943138,2021
40.874518,-74.575997,2020
38.859729,-77.496465,2020
33.818224,-84.478746,2021
40.217408,-75.700813,2021
41.18188,-73.687355,2021
44.939003,-93.081963,2020
38.38,-77.78,2020
42.927778,-78.855278,2019
39.74804,-78.369903,2015
41.244761,-73.594599,2021
43.57803,-84.85254,2020
41.206838,-81.753897,2014
43.246541,-77.469484,2020
40.442124,-75.473474,2021
41.233671,-81.55323,2016
42.5482,-76.601508,2021
39.10062,-84.660935,2019
41.751278,-74.545303,2019
39.427656,-76.581179,2021
39.459929,-76.654053,2020
42.109035,-87.766232,2020
42.930597,-78.867967,2020
38.769528,-77.047255,2020
41.857134,-88.080851,2021
41.566629,-87.611538,2015
38.939486,-78.03932,2020
36.577388,-82.230831,2020
39.798988,-75.661598,2020
38.451258,-77.262297,2021
40.5042,-74.8975,2019
42.458205,-76.504122,2021
38.858222,-77.327828,2020
40.421354,-86.899409,2020
41.589674,-72.9784,2020
42.889407,-85.709522,2020
41.986887,-86.561908,2019
43.198139,-77.706443,2020
42.041748,-87.778023,2017
38.799044,-83.540475,2020
41.854686,-72.637381,2021
40.198955,-75.596766,2021
40.164275,-75.691063,2021
39.814217,-75.69973,2021
38.636856,-78.313219,2020
40.14887,-75.664413,2021
43.319764,-88.305139,2020
40.159875,-75.673263,2021
40.160192,-75.699958,2021
41.900555,-72.70027,2021
40.188058,-75.12625,2021
40.241822,-75.565855,2021
40.264928,-75.638292,2021
39.879372,-75.883858,2021
40.438137,-79.948892,2021
40.24917,-75.608513,2021
40.160781,-75.071725,2021
40.58908,-75.944237,2021
40.22955,-75.120133,2020
40.323596,-80.104651,2020
40.204297,-75.165025,2020
40.220517,-75.141586,2020
40.184855,-75.198928,2020
40.224937,-75.12908,2020
40.200262,-75.18984,2020
39.340391,-77.753523,2020
36.421993,-78.385751,2020
46.754807,-88.736036,2020
40.1213,-75.238905,2020
41.84843,-89.338958,2020
40.211338,-75.166533,2020
40.133611,-75.299893,2020
38.983708,-77.23793,2020
40.229553,-75.120125,2020
38.97588,-77.223488,2020
40.178708,-75.205995,2020
41.125953,-78.751801,2020
36.438298,-78.216765,2020
40.215417,-75.1604,2020
40.215417,-75.1604,2020
41.1,-81.91,2020
40.2505,-75.140328,2020
38.014368,-84.509258,2020
40.439884,-86.903193,2020
40.088031,-75.264112,2020
39.651824,-76.580306,2020
41.116472,-73.804746,2020
40.140756,-75.15293,2020
38.979492,-77.225563,2020
40.456103,-74.457827,2020
40.18512,-75.220658,2020
38.977888,-77.22473,2020
40.357863,-89.124144,2020
40.22947,-75.119667,2020
42.546055,-73.606483,2020
42.00843,-80.190416,2020
40.197455,-75.199088,2020
39.0019,-77.248505,2020
40.126852,-75.107717,2020
40.226875,-75.131225,2020
40.205813,-75.199945,2020
37.570963,-84.309922,2020
43.1598,-88.371429,2020
40.069561,-75.367159,2020
40.786892,-89.571755,2020
42.455407,-71.091636,2020
41.83021,-87.887136,2020
38.997478,-77.558058,2020
39.998499,-75.263737,2020
40.472928,-74.43479,2020
45.779612,-86.824632,2020
40.3354,-77.860237,2020
40.601672,-74.055153,2020
40.345442,-75.202973,2019
42.174569,-79.417261,2020
42.099386,-76.918838,2020
39.573799,-77.867944,2020
42.07158,-87.924474,2020
44.05857,-92.048353,2020
38.421275,-77.205912,2020
38.421417,-77.206025,2020
42.150458,-87.775494,2020
41.21582,-81.572395,2020
37.976222,-84.102586,2020
38.939839,-76.98241,2020
41.25787,-81.566313,2020
41.260925,-81.561255,2020
38.993728,-77.100692,2020
38.996558,-77.105072,2020
41.25787,-81.566313,2020
40.448276,-86.934424,2020
40.674622,-74.435796,2020
44.031382,-92.439261,2018
44.023912,-92.442875,2018
44.031382,-92.439261,2018
43.812442,-91.31113,2018
44.092982,-92.015953,2018
44.031382,-92.439261,2018
44.031382,-92.439261,2018
44.031382,-92.439261,2018
44.031382,-92.439261,2018
44.031382,-92.439261,2018
44.999556,-93.053382,2018
35.637626,-82.502292,2020
38.502769,-91.839655,2020
39.114134,-77.078488,2020
39.246413,-78.528479,2020
39.572464,-84.755569,2020
47.444611,-88.217056,2020
38.556072,-78.387163,2020
42.995794,-87.961401,2020
39.562772,-84.746978,2020
36.271855,-78.911933,2020
39.195276,-76.756949,2017
39.471645,-75.721956,2020
39.256371,-76.717598,2019
44.934193,-93.15207,2020
42.478274,-76.450547,2020
42.478274,-76.450547,2020
42.480628,-76.451395,2020
47.361267,-87.961425,2020
47.35967,-87.961013,2020
32.859736,-97.485225,2020
39.66872,-75.740562,2020
40.443169,-75.473259,2020
43.633509,-88.166176,2020
39.589906,-79.811333,2020
44.958209,-93.154578,2020
41.237309,-73.454642,2020
41.138966,-74.255309,2020
40.171204,-83.139316,2020
44.521637,-89.51867,2020
43.366659,-77.961426,2020
43.915173,-88.33119,2020
45.491598,-85.088848,2020
43.160783,-88.174566,2020
44.958227,-93.154583,2020
42.390971,-76.372965,2020
43.067228,-87.869897,2020
44.786944,-87.660278,2020
44.958195,-93.154597,2020
45.780076,-86.825088,2020
44.521663,-89.518622,2020
41.362953,-94.009799,2020
39.004478,-76.938144,2020
44.958206,-93.154618,2020
42.515633,-72.480569,2020
43.064759,-87.871607,2020
40.182014,-75.464645,2020
40.432685,-75.098123,2020
38.472364,-78.441491,2020
40.432279,-75.084534,2020
40.325718,-74.409791,2020
39.515554,-76.14026,2020
40.473983,-75.268042,2020
38.91496,-95.229615,2020
43.315319,-88.312922,2020
35.464931,-80.780228,2020
44.898301,-93.36297,2020
38.965161,-76.938711,2020
40.015048,-87.982476,2020
40.581429,-79.775968,2020
40.126669,-82.931881,2020
41.353005,-73.952653,2020
38.894825,-77.06018,2020
38.302214,-79.294014,2020
36.409331,-80.413133,2020
41.987412,-87.726975,2020
43.08563,-88.249156,2020
38.848726,-77.641737,2020
38.986964,-77.245697,2020
39.056756,-77.326225,2020
37.804834,-82.864062,2020
42.771482,-78.719607,2020
39.4286,-77.398253,2020
37.402166,-77.38738,2020
35.9132,-79.055844,2019
40.9,-74.59,2020
39.685367,-93.97187,2020
43.426905,-83.438217,2013
40.459579,-75.171681,2020
39.800586,-75.628773,2020
39.428567,-77.39725,2020
36.714384,-91.942609,2020
40.191075,-105.120169,2020
40.068334,-76.850604,2020
39.1124,-76.43521,2016
42.101088,-76.946728,2020
35.300662,-80.741619,2020
39.389287,-76.571497,2020
43.067631,-88.858996,2020
39.102281,-77.69686,2020
39.88233,-82.056505,2017
41.790247,-88.022122,2020
40.816173,-82.027486,2016
39.882363,-82.0761,2018
33.009029,-93.256918,2016
38.856158,-77.211838,2020
40.605477,-75.12906,2020
42.485986,-89.25266,2020
35.995003,-79.053925,2020
38.857435,-77.210574,2020
39.324875,-76.880517,2019
35.991791,-79.046694,2020
35.991791,-79.046694,2020
39.134706,-84.6941,2020
41.789259,-72.176782,2020
37.775308,-89.33455,2020
41.207441,-73.550251,2020
41.210687,-73.538935,2020
41.206145,-73.552465,2020
41.210726,-73.539403,2020
40.356242,-83.064393,2020
39.265166,-84.465529,2020
39.265166,-84.465529,2020
41.210418,-73.538693,2020
41.209752,-73.541658,2020
41.210798,-73.539777,2020
42.97091,-78.74849,2020
39.020938,-77.109174,2019
41.104468,-81.526096,2020
40.315597,-79.846666,2019
41.598963,-73.578863,2020
41.410317,-81.88423,2020
40.572175,-74.766333,2020
40.765575,-74.537452,2020
40.582917,-74.122978,2020
38.588545,-92.232811,2020
38.588515,-92.23279,2020
37.592841,-84.21153,2020
44.879529,-93.180561,2020
41.2013,-74.110188,2020
42.093815,-76.871049,2020
43.122475,-87.96933,2020
39.015052,-84.146981,2020
42.080877,-76.919104,2020
43.57265,-86.430892,2019
38.738451,-88.672122,2019
42.478274,-76.450547,2019
39.252018,-76.710739,2019
39.249077,-76.712914,2019
41.097861,-75.541336,2018
42.12286,-77.071625,2020
42.322244,-84.089596,2007
42.027639,-73.142982,2020
41.421524,-72.899504,2018
43.39472,-87.863551,2017
40.426,-75.542,2019
40.794737,-77.625817,2011
40.794737,-77.625817,2011
40.794737,-77.625817,2011
40.794737,-77.625817,2011
40.794737,-77.625817,2011
40.794737,-77.625817,2011
40.794737,-77.625817,2011
41.201208,-73.557928,2020
41.204756,-73.552377,2019
41.203829,-73.553774,2020
41.199452,-73.552216,2020
41.199099,-73.558586,2020
41.979738,-87.7415,2020
40.507304,-74.221481,2019
37.417617,-80.27385,2019
38.779933,-77.38608,2019
40.617027,-74.000537,2019
39.504495,-85.669062,2019
42.683514,-87.797975,2017
41.170137,-73.740442,2019
40.143589,-87.744958,2019
41.179405,-73.669783,2019
41.183067,-73.677537,2019
39.099922,-84.661164,2018
41.108108,-75.454899,2019
40.301612,-75.035601,2019
42.597711,-73.710026,2019
42.480474,-76.449703,2019
41.244063,-73.595703,2019
42.43945,-76.490172,2019
42.9688,-78.945432,2019
43.164511,-71.509566,2019
38.242667,-77.973865,2019
36.053332,-79.738636,2019
43.004198,-77.883525,2019
40.214447,-87.745413,2018
42.478274,-76.450547,2019
41.244562,-73.595017,2019
42.478274,-76.450547,2019
42.478274,-76.450547,2019
42.480326,-76.450072,2019
43.67563,-87.709259,2019
43.193538,-77.409988,2019
43.015389,-78.484558,2019
33.346878,-93.184067,2019
42.443508,-76.758202,2019
43.67709,-87.708413,2019
43.038767,-87.902335,2019
42.765473,-90.524089,2019
41.78363,-76.790475,2019
44.357514,-73.005303,2019
42.960555,-88.099555,2019
39.621471,-86.168106,2019
39.435627,-77.391579,2019
39.197383,-76.7135,2019
40.332915,-74.750771,2019
40.333016,-74.750744,2019
41.220027,-81.577136,2019
39.819444,-79.4475,2019
38.931145,-76.993149,2019
38.832785,-77.994634,2019
32.846244,-97.474677,2019
37.83391,-83.608566,2019
40.944603,-81.700374,2019
35.773787,-80.083005,2019
35.059636,-83.431288,2019
37.806143,-79.186173,2019
37.43432,-80.28723,2019
37.554375,-84.238708,2019
37.092422,-80.111102,2019
40.399201,-79.328057,2019
39.30722,-76.697777,2019
32.849357,-97.490523,2019
39.306367,-76.69532,2019
40.442097,-79.900277,2019
41.303269,-81.528309,2019
45.179624,-93.085355,2019
41.332247,-75.90008,2018
37.469222,-77.670037,2019
38.972667,-77.36933,2019
41.22929,-73.577752,2019
37.706822,-84.272387,2018
42.292155,-73.5745,2019
37.592124,-84.287778,2018
40.100942,-82.899088,2011
37.557232,-84.246094,2019
39.674245,-82.934967,2019
40.24122,-87.781753,2019
44.939657,-93.212728,2018
42.683792,-87.798256,2017
42.683706,-87.798286,2017
41.294266,-73.996213,2019
41.294286,-73.996318,2019
41.2941,-73.996722,2019
41.294244,-73.996055,2019
42.14144,-75.897128,2019
41.294132,-73.996296,2019
41.294201,-73.996104,2019
41.312275,-73.57529,2019
41.413399,-81.75441,2018
39.360881,-84.175564,2013
40.048814,-75.199447,2018
41.247618,-73.588186,2018
42.483089,-74.009409,2018
39.141227,-84.517185,2018
42.585,-82.916,2018
40.079927,-88.204416,2016
32.87564,-97.478545,2018
41.288678,-74.032701,2018
37.324547,-80.41503,2018
41.755588,-80.800055,2018
41.322128,-88.998253,2018
42.010189,-87.791017,2018
38.912863,-76.943281,2018
38.782088,-77.802588,2018
41.738788,-73.205703,2018
39.435846,-77.391374,2018
44.886563,-93.179289,2018
41.140781,-74.830375,2018
42.086728,-73.975813,2018
41.783252,-87.578253,2017
38.973842,-77.039255,2014
40.667562,-81.338929,2017
41.761683,-81.286147,2016
41.101445,-81.441779,2015
40.418045,-86.839188,2018
39.907892,-86.209817,2018
39.9082,-86.209528,2018
39.093595,-77.024589,2018
39.089257,-77.020474,2017
42.73472,-90.488939,2018
42.557709,-79.13633,2018
39.289701,-76.799736,2018
40.30162,-75.035569,2016
42.663646,-73.80857,2018
42.73475,-90.488841,2018
42.756736,-87.782417,2018
41.411533,-73.123061,2018
39.113041,-77.107175,2018
38.768475,-77.02863,2018
42.719764,-88.041852,2017
44.517803,-89.553059,2018
44.958255,-93.154602,2018
43.303028,-77.714034,2018
44.890676,-93.180808,2018
44.257688,-72.582954,2018
42.992895,-73.868323,2017
40.715798,-73.790777,2018
39.065523,-76.844778,2017
42.06438,-88.268919,2018
39.090953,-77.023261,2018
36.1655,-83.380837,2018
38.622326,-77.534595,2018
39.178863,-76.884524,2018
38.931762,-76.938899,2018
42.06603,-87.77434,2018
38.922585,-76.906771,2018
40.332012,-80.107636,2018
41.258343,-81.541756,2018
41.206112,-81.720001,2018
42.036758,-74.127342,2018
41.926437,-74.20163,2018
41.928988,-74.202438,2018
41.961714,-75.956418,2017
41.428373,-73.966671,2018
40.969622,-76.579897,2016
42.583076,-79.522341,2018
39.17722,-76.856372,2018
44.955451,-93.157029,2017
39.815953,-84.915955,2018
41.982555,-87.746602,2017
41.977159,-87.738855,2015
40.096797,-83.109742,2015
38.858275,-78.168148,2018
41.983671,-87.755377,2013
40.558091,-74.526014,2018
41.980885,-87.742824,2018
40.335333,-80.116068,2017
42.005877,-80.356175,2016
40.933884,-81.102458,2018
41.212399,-88.026337,2018
40.614229,-81.422337,2017
41.15264,-81.136956,2017
36.982535,-80.391197,2017
42.683444,-87.797936,2015
42.533651,-83.786057,2006
42.533651,-83.786057,2006
42.533651,-83.786057,2006
42.533651,-83.786057,2006
42.533651,-83.786057,2006
42.533651,-83.786057,2006
42.533651,-83.786057,2006
42.533651,-83.786057,2006
42.66695,-83.150962,2005
42.533651,-83.786057,2006
41.702488,-88.005639,2014
41.566629,-87.611567,2015
41.566624,-87.611547,2015
41.408534,-81.889299,2017
41.410124,-81.887839,2017
41.430565,-81.850548,2017
41.575554,-81.326385,2017
41.453609,-81.525833,2017
41.111851,-81.539931,2014
38.738352,-77.318117,2017
38.618078,-77.360487,2017
38.913156,-76.941824,2017
37.35154,-80.806545,2015
42.683431,-87.797875,2015
41.82697,-87.934722,2014
41.784228,-88.438786,2017
38.68113,-77.253116,2016
38.915583,-76.952522,2016
42.039036,-87.792879,2013
41.566632,-87.611538,2015
41.566629,-87.61154,2015
38.735556,-76.826111,2013
39.631377,-78.392408,2015
38.7364,-76.8261,2011
39.631377,-78.392408,2015
38.735556,-76.826111,2013
38.735556,-76.826111,2013
41.365641,-81.461134,2016
42.994145,-78.81778,2016
39.830299,-81.730827,2016
38.62407,-77.536475,2016
42.890442,-78.717108,2016
40.053942,-78.316515,2016
40.24172,-79.849757,2016
32.665969,-94.178925,2016
41.06488,-81.307017,2016
41.361408,-81.848274,2016
41.245676,-81.719141,2015
40.700593,-82.552171,2015
41.929984,-74.200411,2015
43.006167,-85.002167,2013
40.091995,-88.292045,2015
41.280825,-81.567812,2014
